<?xml version="1.0" encoding="UTF-8"?>
<sdc4:dm-bfxf11qy2jwuxagmb2md4vds
  xmlns:xsi="http://www.w3.org/2001/XMLSchema-instance"
  xmlns:sdc4="https://semanticdatacharter.com/ns/sdc4/"
  xsi:schemaLocation="https://semanticdatacharter.com/ns/sdc4/ https://semanticdatacharter.com/dmlib/dm-bfxf11qy2jwuxagmb2md4vds.xsd">

  <dm-label>Incident Report</dm-label>
  <dm-language>en-US</dm-language>
  <dm-encoding>utf-8</dm-encoding>
  <creation_timestamp>2025-12-09T03:08:47.103305</creation_timestamp>
  <instance_id>dm-bfxf11qy2jwuxagmb2md4vds</instance_id>
  <instance_version>1.0</instance_version>
  <current-state></current-state>
  <sdc4:ms-dvu55wg988hixpru2wex1l8q>
    <label>Incident Report</label>
  <sdc4:ms-eha2daqjce106d4rf4jh99wx>
    <sdc4:ms-sprl6f8oamq5uiwdaan5xamw>
      <label>incident_report_number</label>
      <xdstring-value>DefaultString</xdstring-value>
    </sdc4:ms-sprl6f8oamq5uiwdaan5xamw>
  </sdc4:ms-eha2daqjce106d4rf4jh99wx>
  <sdc4:ms-npvwjtbz34dn451skp97ceuu>
    <sdc4:ms-i8dtr4e9eg81b5ox512tgmqi>
      <label>reporting_agency_ori</label>
      <xdstring-value>DefaultString</xdstring-value>
    </sdc4:ms-i8dtr4e9eg81b5ox512tgmqi>
  </sdc4:ms-npvwjtbz34dn451skp97ceuu>
  </sdc4:ms-dvu55wg988hixpru2wex1l8q>
</sdc4:dm-bfxf11qy2jwuxagmb2md4vds>
