{
  "@context": "https://semanticdatacharter.com/ns/sdc4/",
  "dm_id": "bfxf11qy2jwuxagmb2md4vds",
  "dm_type": "dm-bfxf11qy2jwuxagmb2md4vds",
  "metadata": {
    "dm_language": "en-US",
    "dm_label": "Incident Report",
    "dm_encoding": "utf-8",
    "instance_id": "dm-bfxf11qy2jwuxagmb2md4vds",
    "instance_version": "1.0",
    "creation_timestamp": "2025-12-09T03:08:47.698212",
    "current_state": ""
  },
  "data": {
    "component_id": "dvu55wg988hixpru2wex1l8q",
    "label": "Incident Report",
    "type": "Cluster",
    "description": "Cluster for Incident Report",
    "items": [
      {
        "component_id": "sprl6f8oamq5uiwdaan5xamw",
        "label": "incident_report_number",
        "type": "XdString",
        "description": "A report number for an incident (NIEM j:IncidentReportNumber)",
        "value": "DefaultString"
      },
      {
        "component_id": "i8dtr4e9eg81b5ox512tgmqi",
        "label": "reporting_agency_ori",
        "type": "XdString",
        "description": "Originating Agency Identifier (ORI) - 9-character NCIC agency code",
        "value": "DefaultString"
      }
    ]
  }
}