<?xml version="1.0" encoding="UTF-8"?>
<sdc4:dm-o4elmdzifsi9e0nakyfdm8l1
  xmlns:xsi="http://www.w3.org/2001/XMLSchema-instance"
  xmlns:sdc4="https://semanticdatacharter.com/ns/sdc4/"
  xsi:schemaLocation="https://semanticdatacharter.com/ns/sdc4/ https://semanticdatacharter.com/dmlib/dm-o4elmdzifsi9e0nakyfdm8l1.xsd">

  <dm-label>Arrest Report</dm-label>
  <dm-language>en-US</dm-language>
  <dm-encoding>utf-8</dm-encoding>
  <creation_timestamp>2025-12-09T22:04:51.464567</creation_timestamp>
  <instance_id>dm-o4elmdzifsi9e0nakyfdm8l1</instance_id>
  <instance_version>1.0</instance_version>
  <current-state></current-state>
  <sdc4:ms-kjqd33vf12muyi8fzhfhxqxa>
    <label>Arrest Report</label>
  <sdc4:ms-nawn7xdvh1hgioqt1dpfs1jr>
    <sdc4:ms-bu9e8u6dao89hu5ji7c40x2p>
      <label>arresting_agency_ori</label>
      <xdstring-value>DefaultString</xdstring-value>
    </sdc4:ms-bu9e8u6dao89hu5ji7c40x2p>
  </sdc4:ms-nawn7xdvh1hgioqt1dpfs1jr>
  <sdc4:ms-tgujl43t1wh7x1ikbtzrxdrb>
    <sdc4:ms-voxb17jjea26bz52n98a0a8z>
      <label>arrest_report_number</label>
      <xdstring-value>DefaultString</xdstring-value>
    </sdc4:ms-voxb17jjea26bz52n98a0a8z>
  </sdc4:ms-tgujl43t1wh7x1ikbtzrxdrb>
  </sdc4:ms-kjqd33vf12muyi8fzhfhxqxa>
</sdc4:dm-o4elmdzifsi9e0nakyfdm8l1>
