<?xml version="1.0" encoding="UTF-8"?>
<sdc4:dm-its7j6bvrb9n2fxdcxmoemod
  xmlns:xsi="http://www.w3.org/2001/XMLSchema-instance"
  xmlns:sdc4="https://semanticdatacharter.com/ns/sdc4/"
  xsi:schemaLocation="https://semanticdatacharter.com/ns/sdc4/ https://semanticdatacharter.com/dmlib/dm-its7j6bvrb9n2fxdcxmoemod.xsd">
  <dm-label>StatePopulation</dm-label>
  <dm-language>en-US</dm-language>
  <dm-encoding>utf-8</dm-encoding>
  <creation_timestamp>__PLACEHOLDER__creation_timestamp</creation_timestamp>
  <instance_id>__PLACEHOLDER__instance_id</instance_id>
  <instance_version>__PLACEHOLDER__instance_version</instance_version>
  <current-state>__PLACEHOLDER__current-state</current-state>
  <sdc4:ms-nk7ry8358vwjojwswli6ssrv>
    <label>StatePopulation Data Cluster</label>
    <sdc4:ms-hbb40ce4hqrkt2gpmzoxkv7j>
      <sdc4:ms-poq4ywx89zvijxwoqz8djrxj>
        <label>State</label>
        <act>__PLACEHOLDER__act_poq4ywx89zvijxwoqz8djrxj</act>
        <ev-placeholder ct_id="poq4ywx89zvijxwoqz8djrxj">__EV_PLACEHOLDER__poq4ywx89zvijxwoqz8djrxj</ev-placeholder>
        <vtb>__PLACEHOLDER__vtb_poq4ywx89zvijxwoqz8djrxj</vtb>
        <vte>__PLACEHOLDER__vte_poq4ywx89zvijxwoqz8djrxj</vte>
        <tr>__PLACEHOLDER__tr_poq4ywx89zvijxwoqz8djrxj</tr>
        <modified>__PLACEHOLDER__modified_poq4ywx89zvijxwoqz8djrxj</modified>
        <latitude>__PLACEHOLDER__latitude_poq4ywx89zvijxwoqz8djrxj</latitude>
        <longitude>__PLACEHOLDER__longitude_poq4ywx89zvijxwoqz8djrxj</longitude>
        <xdstring-value>__PLACEHOLDER__xdstring-value_poq4ywx89zvijxwoqz8djrxj</xdstring-value>
        <xdstring-language>__PLACEHOLDER__xdstring-language_poq4ywx89zvijxwoqz8djrxj</xdstring-language>
      </sdc4:ms-poq4ywx89zvijxwoqz8djrxj>
    </sdc4:ms-hbb40ce4hqrkt2gpmzoxkv7j>
    <sdc4:ms-n0vktf0zrqx1oallz8nur8pa>
      <sdc4:ms-ac79bjkqi8906qzjujpwtlsy>
        <label>Adult Population</label>
        <act>__PLACEHOLDER__act_ac79bjkqi8906qzjujpwtlsy</act>
        <ev-placeholder ct_id="ac79bjkqi8906qzjujpwtlsy">__EV_PLACEHOLDER__ac79bjkqi8906qzjujpwtlsy</ev-placeholder>
        <vtb>__PLACEHOLDER__vtb_ac79bjkqi8906qzjujpwtlsy</vtb>
        <vte>__PLACEHOLDER__vte_ac79bjkqi8906qzjujpwtlsy</vte>
        <tr>__PLACEHOLDER__tr_ac79bjkqi8906qzjujpwtlsy</tr>
        <modified>__PLACEHOLDER__modified_ac79bjkqi8906qzjujpwtlsy</modified>
        <latitude>__PLACEHOLDER__latitude_ac79bjkqi8906qzjujpwtlsy</latitude>
        <longitude>__PLACEHOLDER__longitude_ac79bjkqi8906qzjujpwtlsy</longitude>
        <!-- Optional: ReferenceRange -->
        <normal-status>__PLACEHOLDER__normal-status_ac79bjkqi8906qzjujpwtlsy</normal-status>
        <magnitude-status>__PLACEHOLDER__magnitude-status_ac79bjkqi8906qzjujpwtlsy</magnitude-status>
        <accuracy_margin>__PLACEHOLDER__accuracy_margin_ac79bjkqi8906qzjujpwtlsy</accuracy_margin>
        <precision_digits>__PLACEHOLDER__precision_digits_ac79bjkqi8906qzjujpwtlsy</precision_digits>
        <xdcount-value>__PLACEHOLDER__xdcount-value_ac79bjkqi8906qzjujpwtlsy</xdcount-value>
        <xdcount-units>
          <label>Adult Population_units</label>
          <xdstring-value>__PLACEHOLDER__xdstring-value_y0wjrexefsmsebpu0rnf8da9</xdstring-value>
        </xdcount-units>
      </sdc4:ms-ac79bjkqi8906qzjujpwtlsy>
    </sdc4:ms-n0vktf0zrqx1oallz8nur8pa>
    <sdc4:ms-cnxbbb3smdhgmi1pvvfpr2mc>
      <sdc4:ms-w30d6kzcdcfnjxvk94w58nfw>
        <label>Total Population</label>
        <act>__PLACEHOLDER__act_w30d6kzcdcfnjxvk94w58nfw</act>
        <ev-placeholder ct_id="w30d6kzcdcfnjxvk94w58nfw">__EV_PLACEHOLDER__w30d6kzcdcfnjxvk94w58nfw</ev-placeholder>
        <vtb>__PLACEHOLDER__vtb_w30d6kzcdcfnjxvk94w58nfw</vtb>
        <vte>__PLACEHOLDER__vte_w30d6kzcdcfnjxvk94w58nfw</vte>
        <tr>__PLACEHOLDER__tr_w30d6kzcdcfnjxvk94w58nfw</tr>
        <modified>__PLACEHOLDER__modified_w30d6kzcdcfnjxvk94w58nfw</modified>
        <latitude>__PLACEHOLDER__latitude_w30d6kzcdcfnjxvk94w58nfw</latitude>
        <longitude>__PLACEHOLDER__longitude_w30d6kzcdcfnjxvk94w58nfw</longitude>
        <!-- Optional: ReferenceRange -->
        <normal-status>__PLACEHOLDER__normal-status_w30d6kzcdcfnjxvk94w58nfw</normal-status>
        <magnitude-status>__PLACEHOLDER__magnitude-status_w30d6kzcdcfnjxvk94w58nfw</magnitude-status>
        <accuracy_margin>__PLACEHOLDER__accuracy_margin_w30d6kzcdcfnjxvk94w58nfw</accuracy_margin>
        <precision_digits>__PLACEHOLDER__precision_digits_w30d6kzcdcfnjxvk94w58nfw</precision_digits>
        <xdcount-value>__PLACEHOLDER__xdcount-value_w30d6kzcdcfnjxvk94w58nfw</xdcount-value>
        <xdcount-units>
          <label>Total Population_units</label>
          <xdstring-value>__PLACEHOLDER__xdstring-value_ko1ndwdc6kh8jr39dn9x3wpi</xdstring-value>
        </xdcount-units>
      </sdc4:ms-w30d6kzcdcfnjxvk94w58nfw>
    </sdc4:ms-cnxbbb3smdhgmi1pvvfpr2mc>
    <sdc4:ms-h36lz1zln5eqr90ksp9b2rtj>
      <sdc4:ms-hzsoktbrtlhowsl71kywg81w>
        <label>Adult Population Percentage</label>
        <act>__PLACEHOLDER__act_hzsoktbrtlhowsl71kywg81w</act>
        <ev-placeholder ct_id="hzsoktbrtlhowsl71kywg81w">__EV_PLACEHOLDER__hzsoktbrtlhowsl71kywg81w</ev-placeholder>
        <vtb>__PLACEHOLDER__vtb_hzsoktbrtlhowsl71kywg81w</vtb>
        <vte>__PLACEHOLDER__vte_hzsoktbrtlhowsl71kywg81w</vte>
        <tr>__PLACEHOLDER__tr_hzsoktbrtlhowsl71kywg81w</tr>
        <modified>__PLACEHOLDER__modified_hzsoktbrtlhowsl71kywg81w</modified>
        <latitude>__PLACEHOLDER__latitude_hzsoktbrtlhowsl71kywg81w</latitude>
        <longitude>__PLACEHOLDER__longitude_hzsoktbrtlhowsl71kywg81w</longitude>
        <!-- Optional: ReferenceRange -->
        <normal-status>__PLACEHOLDER__normal-status_hzsoktbrtlhowsl71kywg81w</normal-status>
        <magnitude-status>__PLACEHOLDER__magnitude-status_hzsoktbrtlhowsl71kywg81w</magnitude-status>
        <accuracy_margin>__PLACEHOLDER__accuracy_margin_hzsoktbrtlhowsl71kywg81w</accuracy_margin>
        <precision_digits>__PLACEHOLDER__precision_digits_hzsoktbrtlhowsl71kywg81w</precision_digits>
        <xdquantity-value>__PLACEHOLDER__xdquantity-value_hzsoktbrtlhowsl71kywg81w</xdquantity-value>
        <xdquantity-units>
          <label>Adult Population Percentage_units</label>
          <xdstring-value>__PLACEHOLDER__xdstring-value_w9prqlh0m9jdng93uwz6hqwz</xdstring-value>
        </xdquantity-units>
      </sdc4:ms-hzsoktbrtlhowsl71kywg81w>
    </sdc4:ms-h36lz1zln5eqr90ksp9b2rtj>
  </sdc4:ms-nk7ry8358vwjojwswli6ssrv>
</sdc4:dm-its7j6bvrb9n2fxdcxmoemod>