<?xml version="1.0" encoding="UTF-8"?>
<sdc4:dm-njvi3y45lasere3hr5506i54
  xmlns:xsi="http://www.w3.org/2001/XMLSchema-instance"
  xmlns:sdc4="https://semanticdatacharter.com/ns/sdc4/"
  xsi:schemaLocation="https://semanticdatacharter.com/ns/sdc4/ https://semanticdatacharter.com/dmlib/dm-njvi3y45lasere3hr5506i54.xsd">

  <dm-label>Visa Application</dm-label>
  <dm-language>en-US</dm-language>
  <dm-encoding>utf-8</dm-encoding>
  <creation_timestamp>2025-12-09T01:10:29.251789</creation_timestamp>
  <instance_id>dm-njvi3y45lasere3hr5506i54</instance_id>
  <instance_version>1.0</instance_version>
  <current-state></current-state>
  <sdc4:ms-l6141zadp47stzmq5b5gt5l6>
    <label>Visa Application</label>
  <sdc4:ms-grz7to6dhpy1yzps79qnjv5j>
    <sdc4:ms-wpr4jnsjhs6tt5bv7copozr5>
      <label>application_number</label>
      <xdstring-value>DefaultString</xdstring-value>
    </sdc4:ms-wpr4jnsjhs6tt5bv7copozr5>
  </sdc4:ms-grz7to6dhpy1yzps79qnjv5j>
  <sdc4:ms-tx0rccp3x7g92tdublcrutqz>
    <sdc4:ms-iii58fnwhch6u45afhevxdd1>
      <label>consular_post</label>
      <xdstring-value>DefaultString</xdstring-value>
    </sdc4:ms-iii58fnwhch6u45afhevxdd1>
  </sdc4:ms-tx0rccp3x7g92tdublcrutqz>
  <sdc4:ms-nxk1hzmjmtnds4ndp1erbmuv>
    <sdc4:ms-y3ldaf19qldnwg1vhd5p6clh>
      <label>visa_class</label>
      <xdtoken-value>immigrant</xdtoken-value>
    </sdc4:ms-y3ldaf19qldnwg1vhd5p6clh>
  </sdc4:ms-nxk1hzmjmtnds4ndp1erbmuv>
  <sdc4:ms-a9at1l9l0h3c96nro5gn5iae>
    <sdc4:ms-duwdx7sy2e1sezyyhgp92885>
      <label>visa_type</label>
      <xdtoken-value>B1</xdtoken-value>
    </sdc4:ms-duwdx7sy2e1sezyyhgp92885>
  </sdc4:ms-a9at1l9l0h3c96nro5gn5iae>
  </sdc4:ms-l6141zadp47stzmq5b5gt5l6>
</sdc4:dm-njvi3y45lasere3hr5506i54>
