{
  "@context": "https://semanticdatacharter.com/ns/sdc4/",
  "dm_id": "njvi3y45lasere3hr5506i54",
  "dm_type": "dm-njvi3y45lasere3hr5506i54",
  "metadata": {
    "dm_language": "en-US",
    "dm_label": "Visa Application",
    "dm_encoding": "utf-8",
    "instance_id": "dm-njvi3y45lasere3hr5506i54",
    "instance_version": "1.0",
    "creation_timestamp": "2025-12-09T01:10:31.039953",
    "current_state": ""
  },
  "data": {
    "component_id": "l6141zadp47stzmq5b5gt5l6",
    "label": "Visa Application",
    "type": "Cluster",
    "description": "Cluster for Visa Application",
    "items": [
      {
        "component_id": "wpr4jnsjhs6tt5bv7copozr5",
        "label": "application_number",
        "type": "XdString",
        "description": "Unique visa application identifier",
        "value": "DefaultString"
      },
      {
        "component_id": "iii58fnwhch6u45afhevxdd1",
        "label": "consular_post",
        "type": "XdString",
        "description": "U.S. Embassy or Consulate processing application",
        "value": "DefaultString"
      },
      {
        "component_id": "y3ldaf19qldnwg1vhd5p6clh",
        "label": "visa_class",
        "type": "XdToken",
        "description": "Visa classification (immigrant vs nonimmigrant)",
        "value": "immigrant",
        "constraints": {
          "enumerations": [
            "immigrant",
            "nonimmigrant"
          ]
        }
      },
      {
        "component_id": "duwdx7sy2e1sezyyhgp92885",
        "label": "visa_type",
        "type": "XdToken",
        "description": "Type of visa being requested",
        "value": "IR1",
        "constraints": {
          "enumerations": [
            "B1",
            "B2",
            "F1",
            "J1",
            "H1B",
            "L1",
            "O1",
            "K1",
            "CR1",
            "IR1",
            "EB1",
            "EB2",
            "EB3"
          ]
        }
      }
    ]
  }
}