<?xml version="1.0" encoding="UTF-8"?>
<sdc4:dm-njvi3y45lasere3hr5506i54
  xmlns:xsi="http://www.w3.org/2001/XMLSchema-instance"
  xmlns:sdc4="https://semanticdatacharter.com/ns/sdc4/"
  xsi:schemaLocation="https://semanticdatacharter.com/ns/sdc4/ https://semanticdatacharter.com/dmlib/dm-njvi3y45lasere3hr5506i54.xsd">

  <dm-label>Visa Application</dm-label>
  <dm-language>en-US</dm-language>
  <dm-encoding>utf-8</dm-encoding>
  <creation_timestamp>2025-12-09T22:10:36.080420</creation_timestamp>
  <instance_id>dm-njvi3y45lasere3hr5506i54</instance_id>
  <instance_version>1.0</instance_version>
  <current-state></current-state>
  <sdc4:ms-l6141zadp47stzmq5b5gt5l6>
    <label>Visa Application</label>
  <sdc4:ms-f1hnpvv7tm2q3b2u42qosdo0>
    <sdc4:ms-wpr4jnsjhs6tt5bv7copozr5>
      <label>application_number</label>
      <xdstring-value>DefaultString</xdstring-value>
    </sdc4:ms-wpr4jnsjhs6tt5bv7copozr5>
  </sdc4:ms-f1hnpvv7tm2q3b2u42qosdo0>
  <sdc4:ms-nbb3ceznftpfxt3s3wp2802m>
    <sdc4:ms-iii58fnwhch6u45afhevxdd1>
      <label>consular_post</label>
      <xdstring-value>DefaultString</xdstring-value>
    </sdc4:ms-iii58fnwhch6u45afhevxdd1>
  </sdc4:ms-nbb3ceznftpfxt3s3wp2802m>
  <sdc4:ms-xxdb84taay189wl5cvc920e5>
    <sdc4:ms-y3ldaf19qldnwg1vhd5p6clh>
      <label>visa_class</label>
      <xdtoken-value>immigrant</xdtoken-value>
    </sdc4:ms-y3ldaf19qldnwg1vhd5p6clh>
  </sdc4:ms-xxdb84taay189wl5cvc920e5>
  <sdc4:ms-qnuonh66b0e6f94ejqr6437h>
    <sdc4:ms-duwdx7sy2e1sezyyhgp92885>
      <label>visa_type</label>
      <xdtoken-value>EB1</xdtoken-value>
    </sdc4:ms-duwdx7sy2e1sezyyhgp92885>
  </sdc4:ms-qnuonh66b0e6f94ejqr6437h>
  </sdc4:ms-l6141zadp47stzmq5b5gt5l6>
</sdc4:dm-njvi3y45lasere3hr5506i54>
