<?xml version="1.0" encoding="UTF-8"?>
<sdc4:dm-c122146hdbd4n5mr54x46veo
  xmlns:xsi="http://www.w3.org/2001/XMLSchema-instance"
  xmlns:sdc4="https://semanticdatacharter.com/ns/sdc4/"
  xsi:schemaLocation="https://semanticdatacharter.com/ns/sdc4/ https://semanticdatacharter.com/dmlib/dm-c122146hdbd4n5mr54x46veo.xsd">
  <dm-label>Vessel Arrival Report</dm-label>
  <dm-language>en-US</dm-language>
  <dm-encoding>utf-8</dm-encoding>
  <creation_timestamp>__PLACEHOLDER__creation_timestamp</creation_timestamp>
  <instance_id>__PLACEHOLDER__instance_id</instance_id>
  <instance_version>__PLACEHOLDER__instance_version</instance_version>
  <current-state>__PLACEHOLDER__current-state</current-state>
  <sdc4:ms-hdszm0nr03icazrybt2hxl90>
    <label>Vessel Arrival Report</label>
    <sdc4:ms-dr57rs72q3gbdmzsq99dqvhz>
      <sdc4:ms-njnfg7l4t3drhgqfmguov8sh>
        <label>arrival_report_number</label>
        <act>__PLACEHOLDER__act_njnfg7l4t3drhgqfmguov8sh</act>
        <ev-placeholder ct_id="njnfg7l4t3drhgqfmguov8sh">__EV_PLACEHOLDER__njnfg7l4t3drhgqfmguov8sh</ev-placeholder>
        <vtb>__PLACEHOLDER__vtb_njnfg7l4t3drhgqfmguov8sh</vtb>
        <vte>__PLACEHOLDER__vte_njnfg7l4t3drhgqfmguov8sh</vte>
        <tr>__PLACEHOLDER__tr_njnfg7l4t3drhgqfmguov8sh</tr>
        <modified>__PLACEHOLDER__modified_njnfg7l4t3drhgqfmguov8sh</modified>
        <latitude>__PLACEHOLDER__latitude_njnfg7l4t3drhgqfmguov8sh</latitude>
        <longitude>__PLACEHOLDER__longitude_njnfg7l4t3drhgqfmguov8sh</longitude>
        <xdstring-value>__PLACEHOLDER__xdstring-value_njnfg7l4t3drhgqfmguov8sh</xdstring-value>
        <xdstring-language>__PLACEHOLDER__xdstring-language_njnfg7l4t3drhgqfmguov8sh</xdstring-language>
      </sdc4:ms-njnfg7l4t3drhgqfmguov8sh>
    </sdc4:ms-dr57rs72q3gbdmzsq99dqvhz>
    <sdc4:ms-zb9nf2riqq95zykzfj8xqjsy>
      <sdc4:ms-mtlg3n3rbkg01q0x3aqp1uat>
        <label>berth_assignment</label>
        <act>__PLACEHOLDER__act_mtlg3n3rbkg01q0x3aqp1uat</act>
        <ev-placeholder ct_id="mtlg3n3rbkg01q0x3aqp1uat">__EV_PLACEHOLDER__mtlg3n3rbkg01q0x3aqp1uat</ev-placeholder>
        <vtb>__PLACEHOLDER__vtb_mtlg3n3rbkg01q0x3aqp1uat</vtb>
        <vte>__PLACEHOLDER__vte_mtlg3n3rbkg01q0x3aqp1uat</vte>
        <tr>__PLACEHOLDER__tr_mtlg3n3rbkg01q0x3aqp1uat</tr>
        <modified>__PLACEHOLDER__modified_mtlg3n3rbkg01q0x3aqp1uat</modified>
        <latitude>__PLACEHOLDER__latitude_mtlg3n3rbkg01q0x3aqp1uat</latitude>
        <longitude>__PLACEHOLDER__longitude_mtlg3n3rbkg01q0x3aqp1uat</longitude>
        <xdstring-value>__PLACEHOLDER__xdstring-value_mtlg3n3rbkg01q0x3aqp1uat</xdstring-value>
        <xdstring-language>__PLACEHOLDER__xdstring-language_mtlg3n3rbkg01q0x3aqp1uat</xdstring-language>
      </sdc4:ms-mtlg3n3rbkg01q0x3aqp1uat>
    </sdc4:ms-zb9nf2riqq95zykzfj8xqjsy>
    <sdc4:ms-o8vr0yr6tbfh68hqhxujr4mz>
      <sdc4:ms-w8ocba1a03xcxdog0a7ufg26>
        <label>port_of_arrival_code</label>
        <act>__PLACEHOLDER__act_w8ocba1a03xcxdog0a7ufg26</act>
        <ev-placeholder ct_id="w8ocba1a03xcxdog0a7ufg26">__EV_PLACEHOLDER__w8ocba1a03xcxdog0a7ufg26</ev-placeholder>
        <vtb>__PLACEHOLDER__vtb_w8ocba1a03xcxdog0a7ufg26</vtb>
        <vte>__PLACEHOLDER__vte_w8ocba1a03xcxdog0a7ufg26</vte>
        <tr>__PLACEHOLDER__tr_w8ocba1a03xcxdog0a7ufg26</tr>
        <modified>__PLACEHOLDER__modified_w8ocba1a03xcxdog0a7ufg26</modified>
        <latitude>__PLACEHOLDER__latitude_w8ocba1a03xcxdog0a7ufg26</latitude>
        <longitude>__PLACEHOLDER__longitude_w8ocba1a03xcxdog0a7ufg26</longitude>
        <xdstring-value>__PLACEHOLDER__xdstring-value_w8ocba1a03xcxdog0a7ufg26</xdstring-value>
        <xdstring-language>__PLACEHOLDER__xdstring-language_w8ocba1a03xcxdog0a7ufg26</xdstring-language>
      </sdc4:ms-w8ocba1a03xcxdog0a7ufg26>
    </sdc4:ms-o8vr0yr6tbfh68hqhxujr4mz>
    <sdc4:ms-m9t7viuqhclkd68mdnyyv83r>
      <sdc4:ms-oh05xy9yws8te3zauk2vc2nf>
        <label>port_of_arrival_name</label>
        <act>__PLACEHOLDER__act_oh05xy9yws8te3zauk2vc2nf</act>
        <ev-placeholder ct_id="oh05xy9yws8te3zauk2vc2nf">__EV_PLACEHOLDER__oh05xy9yws8te3zauk2vc2nf</ev-placeholder>
        <vtb>__PLACEHOLDER__vtb_oh05xy9yws8te3zauk2vc2nf</vtb>
        <vte>__PLACEHOLDER__vte_oh05xy9yws8te3zauk2vc2nf</vte>
        <tr>__PLACEHOLDER__tr_oh05xy9yws8te3zauk2vc2nf</tr>
        <modified>__PLACEHOLDER__modified_oh05xy9yws8te3zauk2vc2nf</modified>
        <latitude>__PLACEHOLDER__latitude_oh05xy9yws8te3zauk2vc2nf</latitude>
        <longitude>__PLACEHOLDER__longitude_oh05xy9yws8te3zauk2vc2nf</longitude>
        <xdstring-value>__PLACEHOLDER__xdstring-value_oh05xy9yws8te3zauk2vc2nf</xdstring-value>
        <xdstring-language>__PLACEHOLDER__xdstring-language_oh05xy9yws8te3zauk2vc2nf</xdstring-language>
      </sdc4:ms-oh05xy9yws8te3zauk2vc2nf>
    </sdc4:ms-m9t7viuqhclkd68mdnyyv83r>
    <sdc4:ms-qamfpuyy3r4uvnt8chmj0kid>
      <sdc4:ms-yud4t8v8vvoqvxqkcsnyetpo>
        <label>pilot_required</label>
        <act>__PLACEHOLDER__act_yud4t8v8vvoqvxqkcsnyetpo</act>
        <ev-placeholder ct_id="yud4t8v8vvoqvxqkcsnyetpo">__EV_PLACEHOLDER__yud4t8v8vvoqvxqkcsnyetpo</ev-placeholder>
        <vtb>__PLACEHOLDER__vtb_yud4t8v8vvoqvxqkcsnyetpo</vtb>
        <vte>__PLACEHOLDER__vte_yud4t8v8vvoqvxqkcsnyetpo</vte>
        <tr>__PLACEHOLDER__tr_yud4t8v8vvoqvxqkcsnyetpo</tr>
        <modified>__PLACEHOLDER__modified_yud4t8v8vvoqvxqkcsnyetpo</modified>
        <latitude>__PLACEHOLDER__latitude_yud4t8v8vvoqvxqkcsnyetpo</latitude>
        <longitude>__PLACEHOLDER__longitude_yud4t8v8vvoqvxqkcsnyetpo</longitude>
        <true-value>__PLACEHOLDER__true-value_yud4t8v8vvoqvxqkcsnyetpo</true-value>
        <false-value>__PLACEHOLDER__false-value_yud4t8v8vvoqvxqkcsnyetpo</false-value>
      </sdc4:ms-yud4t8v8vvoqvxqkcsnyetpo>
    </sdc4:ms-qamfpuyy3r4uvnt8chmj0kid>
    <sdc4:ms-lgd4amf0rvahgejvkh3h2g84>
      <sdc4:ms-nx6i3c37h7f9s3paly8j7m0z>
        <label>tug_assistance_required</label>
        <act>__PLACEHOLDER__act_nx6i3c37h7f9s3paly8j7m0z</act>
        <ev-placeholder ct_id="nx6i3c37h7f9s3paly8j7m0z">__EV_PLACEHOLDER__nx6i3c37h7f9s3paly8j7m0z</ev-placeholder>
        <vtb>__PLACEHOLDER__vtb_nx6i3c37h7f9s3paly8j7m0z</vtb>
        <vte>__PLACEHOLDER__vte_nx6i3c37h7f9s3paly8j7m0z</vte>
        <tr>__PLACEHOLDER__tr_nx6i3c37h7f9s3paly8j7m0z</tr>
        <modified>__PLACEHOLDER__modified_nx6i3c37h7f9s3paly8j7m0z</modified>
        <latitude>__PLACEHOLDER__latitude_nx6i3c37h7f9s3paly8j7m0z</latitude>
        <longitude>__PLACEHOLDER__longitude_nx6i3c37h7f9s3paly8j7m0z</longitude>
        <true-value>__PLACEHOLDER__true-value_nx6i3c37h7f9s3paly8j7m0z</true-value>
        <false-value>__PLACEHOLDER__false-value_nx6i3c37h7f9s3paly8j7m0z</false-value>
      </sdc4:ms-nx6i3c37h7f9s3paly8j7m0z>
    </sdc4:ms-lgd4amf0rvahgejvkh3h2g84>
  </sdc4:ms-hdszm0nr03icazrybt2hxl90>
</sdc4:dm-c122146hdbd4n5mr54x46veo>