<?xml version="1.0" encoding="UTF-8"?>
<sdc4:dm-o4elmdzifsi9e0nakyfdm8l1
  xmlns:xsi="http://www.w3.org/2001/XMLSchema-instance"
  xmlns:sdc4="https://semanticdatacharter.com/ns/sdc4/"
  xsi:schemaLocation="https://semanticdatacharter.com/ns/sdc4/ https://semanticdatacharter.com/dmlib/dm-o4elmdzifsi9e0nakyfdm8l1.xsd">
  <dm-label>Arrest Report</dm-label>
  <dm-language>en-US</dm-language>
  <dm-encoding>utf-8</dm-encoding>
  <creation_timestamp>__PLACEHOLDER__creation_timestamp</creation_timestamp>
  <instance_id>__PLACEHOLDER__instance_id</instance_id>
  <instance_version>__PLACEHOLDER__instance_version</instance_version>
  <current-state>__PLACEHOLDER__current-state</current-state>
  <sdc4:ms-kjqd33vf12muyi8fzhfhxqxa>
    <label>Arrest Report</label>
    <sdc4:ms-oeelfyp8z32ee33ik035v5sj>
      <sdc4:ms-bu9e8u6dao89hu5ji7c40x2p>
        <label>arresting_agency_ori</label>
        <act>__PLACEHOLDER__act_bu9e8u6dao89hu5ji7c40x2p</act>
        <ev-placeholder ct_id="bu9e8u6dao89hu5ji7c40x2p">__EV_PLACEHOLDER__bu9e8u6dao89hu5ji7c40x2p</ev-placeholder>
        <vtb>__PLACEHOLDER__vtb_bu9e8u6dao89hu5ji7c40x2p</vtb>
        <vte>__PLACEHOLDER__vte_bu9e8u6dao89hu5ji7c40x2p</vte>
        <tr>__PLACEHOLDER__tr_bu9e8u6dao89hu5ji7c40x2p</tr>
        <modified>__PLACEHOLDER__modified_bu9e8u6dao89hu5ji7c40x2p</modified>
        <latitude>__PLACEHOLDER__latitude_bu9e8u6dao89hu5ji7c40x2p</latitude>
        <longitude>__PLACEHOLDER__longitude_bu9e8u6dao89hu5ji7c40x2p</longitude>
        <xdstring-value>__PLACEHOLDER__xdstring-value_bu9e8u6dao89hu5ji7c40x2p</xdstring-value>
        <xdstring-language>__PLACEHOLDER__xdstring-language_bu9e8u6dao89hu5ji7c40x2p</xdstring-language>
      </sdc4:ms-bu9e8u6dao89hu5ji7c40x2p>
    </sdc4:ms-oeelfyp8z32ee33ik035v5sj>
    <sdc4:ms-zrfz0ddgefx8zvgum08x8bza>
      <sdc4:ms-voxb17jjea26bz52n98a0a8z>
        <label>arrest_report_number</label>
        <act>__PLACEHOLDER__act_voxb17jjea26bz52n98a0a8z</act>
        <ev-placeholder ct_id="voxb17jjea26bz52n98a0a8z">__EV_PLACEHOLDER__voxb17jjea26bz52n98a0a8z</ev-placeholder>
        <vtb>__PLACEHOLDER__vtb_voxb17jjea26bz52n98a0a8z</vtb>
        <vte>__PLACEHOLDER__vte_voxb17jjea26bz52n98a0a8z</vte>
        <tr>__PLACEHOLDER__tr_voxb17jjea26bz52n98a0a8z</tr>
        <modified>__PLACEHOLDER__modified_voxb17jjea26bz52n98a0a8z</modified>
        <latitude>__PLACEHOLDER__latitude_voxb17jjea26bz52n98a0a8z</latitude>
        <longitude>__PLACEHOLDER__longitude_voxb17jjea26bz52n98a0a8z</longitude>
        <xdstring-value>__PLACEHOLDER__xdstring-value_voxb17jjea26bz52n98a0a8z</xdstring-value>
        <xdstring-language>__PLACEHOLDER__xdstring-language_voxb17jjea26bz52n98a0a8z</xdstring-language>
      </sdc4:ms-voxb17jjea26bz52n98a0a8z>
    </sdc4:ms-zrfz0ddgefx8zvgum08x8bza>
  </sdc4:ms-kjqd33vf12muyi8fzhfhxqxa>
</sdc4:dm-o4elmdzifsi9e0nakyfdm8l1>