<?xml version="1.0" encoding="UTF-8"?>
<sdc4:dm-c122146hdbd4n5mr54x46veo
  xmlns:xsi="http://www.w3.org/2001/XMLSchema-instance"
  xmlns:sdc4="https://semanticdatacharter.com/ns/sdc4/"
  xsi:schemaLocation="https://semanticdatacharter.com/ns/sdc4/ https://semanticdatacharter.com/dmlib/dm-c122146hdbd4n5mr54x46veo.xsd">

  <dm-label>Vessel Arrival Report</dm-label>
  <dm-language>en-US</dm-language>
  <dm-encoding>utf-8</dm-encoding>
  <creation_timestamp>2025-12-09T22:09:12.867443</creation_timestamp>
  <instance_id>dm-c122146hdbd4n5mr54x46veo</instance_id>
  <instance_version>1.0</instance_version>
  <current-state></current-state>
  <sdc4:ms-hdszm0nr03icazrybt2hxl90>
    <label>Vessel Arrival Report</label>
  <sdc4:ms-dr57rs72q3gbdmzsq99dqvhz>
    <sdc4:ms-njnfg7l4t3drhgqfmguov8sh>
      <label>arrival_report_number</label>
      <xdstring-value>DefaultString</xdstring-value>
    </sdc4:ms-njnfg7l4t3drhgqfmguov8sh>
  </sdc4:ms-dr57rs72q3gbdmzsq99dqvhz>
  <sdc4:ms-zb9nf2riqq95zykzfj8xqjsy>
    <sdc4:ms-mtlg3n3rbkg01q0x3aqp1uat>
      <label>berth_assignment</label>
      <xdstring-value>DefaultString</xdstring-value>
    </sdc4:ms-mtlg3n3rbkg01q0x3aqp1uat>
  </sdc4:ms-zb9nf2riqq95zykzfj8xqjsy>
  <sdc4:ms-o8vr0yr6tbfh68hqhxujr4mz>
    <sdc4:ms-w8ocba1a03xcxdog0a7ufg26>
      <label>port_of_arrival_code</label>
      <xdstring-value>DefaultString</xdstring-value>
    </sdc4:ms-w8ocba1a03xcxdog0a7ufg26>
  </sdc4:ms-o8vr0yr6tbfh68hqhxujr4mz>
  <sdc4:ms-m9t7viuqhclkd68mdnyyv83r>
    <sdc4:ms-oh05xy9yws8te3zauk2vc2nf>
      <label>port_of_arrival_name</label>
      <xdstring-value>DefaultString</xdstring-value>
    </sdc4:ms-oh05xy9yws8te3zauk2vc2nf>
  </sdc4:ms-m9t7viuqhclkd68mdnyyv83r>
  <sdc4:ms-qamfpuyy3r4uvnt8chmj0kid>
    <sdc4:ms-yud4t8v8vvoqvxqkcsnyetpo>
      <label>pilot_required</label>
      <!-- Element true-value not yet implemented -->
      <!-- Element false-value not yet implemented -->
    </sdc4:ms-yud4t8v8vvoqvxqkcsnyetpo>
  </sdc4:ms-qamfpuyy3r4uvnt8chmj0kid>
  <sdc4:ms-lgd4amf0rvahgejvkh3h2g84>
    <sdc4:ms-nx6i3c37h7f9s3paly8j7m0z>
      <label>tug_assistance_required</label>
      <!-- Element true-value not yet implemented -->
      <!-- Element false-value not yet implemented -->
    </sdc4:ms-nx6i3c37h7f9s3paly8j7m0z>
  </sdc4:ms-lgd4amf0rvahgejvkh3h2g84>
  </sdc4:ms-hdszm0nr03icazrybt2hxl90>
</sdc4:dm-c122146hdbd4n5mr54x46veo>
