{
  "@context": "https://semanticdatacharter.com/ns/sdc4/",
  "dm_id": "its7j6bvrb9n2fxdcxmoemod",
  "dm_type": "dm-its7j6bvrb9n2fxdcxmoemod",
  "metadata": {
    "dm_language": "en-US",
    "dm_label": "StatePopulation",
    "dm_encoding": "utf-8",
    "instance_id": "dm-its7j6bvrb9n2fxdcxmoemod",
    "instance_version": "1.0",
    "creation_timestamp": "2025-12-11T02:21:25.605842",
    "current_state": ""
  },
  "data": {
    "component_id": "nk7ry8358vwjojwswli6ssrv",
    "label": "StatePopulation Data Cluster",
    "type": "Cluster",
    "description": "Data cluster containing 4 columns\nBusiness Context: Contains 4 columns of mixed data types\nPurpose: Organize all data columns for the dataset",
    "items": [
      {
        "component_id": "poq4ywx89zvijxwoqz8djrxj",
        "label": "State",
        "type": "XdString",
        "description": "This column represents the U.S. state where a particular entity, such as a customer, business location, or transaction, is geographically situated. This data is crucial for regional sales analysis, targeted marketing campaigns, supply chain optimization, and understanding market penetration across different administrative divisions of the United States.  It enables businesses to segment their operations and customer base by state, facilitating localized strategies and compliance with state-specific regulations.\nBusiness Rules: Each value should correspond to a valid U.S. state., Values may include a leading period as a formatting artifact., The data is expected to be a subset of the 50 U.S. states and potentially the District of Columbia., Consistency in state naming convention is expected for accurate aggregation and analysis.",
        "value": "DefaultString"
      },
      {
        "component_id": "ac79bjkqi8906qzjujpwtlsy",
        "label": "Adult Population",
        "type": "XdCount",
        "description": "This column represents the total number of individuals within a defined geographic area or demographic segment who are considered adults. This data is crucial for understanding the potential consumer base, workforce availability, and demand for adult-oriented services and products, informing strategic decisions in marketing, urban planning, and public policy.\nBusiness Rules: Adult population typically refers to individuals aged 18 years or older., The data should represent a discrete count and cannot be fractional., Values are expected to be non-negative.",
        "value": 90,
        "units": {
          "label": "Adult Population_units",
          "value": "Test - Tim : Adult Population_units"
        }
      },
      {
        "component_id": "w30d6kzcdcfnjxvk94w58nfw",
        "label": "Total Population",
        "type": "XdCount",
        "description": "This column represents the total number of individuals residing within a defined geographic area, such as a city, state, or country. This demographic data is crucial for urban planning, resource allocation (e.g., healthcare, education, infrastructure), market segmentation, and understanding population density for strategic business decisions and policy development.\nBusiness Rules: Population counts are typically non-negative integers., Data is usually collected through official census operations or reliable demographic estimations., Counts may be subject to periodic updates to reflect population changes., Values should be consistent with the defined geographic boundaries they represent.",
        "value": 55,
        "units": {
          "label": "Total Population_units",
          "value": "Test - Tim : Total Population_units"
        }
      },
      {
        "component_id": "hzsoktbrtlhowsl71kywg81w",
        "label": "Adult Population Percentage",
        "type": "XdQuantity",
        "description": "This column represents the proportion of the total population that is classified as 'adult' within a given geographic or demographic segment. It is a critical metric for understanding the age structure of a population, directly influencing market segmentation, resource allocation for services catering to adults (e.g., employment programs, adult education, healthcare services), and strategic planning for businesses and government agencies.\nBusiness Rules: Values are expected to be between 0.0 and 100.0., Represents a proportion, so values should generally be greater than 50% in most developed regions., Data is typically aggregated from census or survey data.",
        "value": 21.6,
        "magnitude": {
          "value": 21.6
        },
        "units": {
          "label": "Adult Population Percentage_units",
          "symbol": "%",
          "system": "ISO"
        }
      }
    ]
  }
}