{
  "njnfg7l4t3drhgqfmguov8sh": {
    "placeholder": "__PLACEHOLDER__xdstring-value_njnfg7l4t3drhgqfmguov8sh",
    "ct_id": "njnfg7l4t3drhgqfmguov8sh",
    "adapter_ctid": "p0rq88rh6zywsebxgi7u1yie",
    "element_name": "xdstring-value",
    "type": "XdString",
    "label": "arrival_report_number"
  },
  "mtlg3n3rbkg01q0x3aqp1uat": {
    "placeholder": "__PLACEHOLDER__xdstring-value_mtlg3n3rbkg01q0x3aqp1uat",
    "ct_id": "mtlg3n3rbkg01q0x3aqp1uat",
    "adapter_ctid": "fenbgc4zcxnwb09emqawyqyy",
    "element_name": "xdstring-value",
    "type": "XdString",
    "label": "berth_assignment"
  },
  "w8ocba1a03xcxdog0a7ufg26": {
    "placeholder": "__PLACEHOLDER__xdstring-value_w8ocba1a03xcxdog0a7ufg26",
    "ct_id": "w8ocba1a03xcxdog0a7ufg26",
    "adapter_ctid": "jq6bzhgfacv5doegd2ywb04e",
    "element_name": "xdstring-value",
    "type": "XdString",
    "label": "port_of_arrival_code"
  },
  "oh05xy9yws8te3zauk2vc2nf": {
    "placeholder": "__PLACEHOLDER__xdstring-value_oh05xy9yws8te3zauk2vc2nf",
    "ct_id": "oh05xy9yws8te3zauk2vc2nf",
    "adapter_ctid": "klllctww3fc5b521xa6uqsgf",
    "element_name": "xdstring-value",
    "type": "XdString",
    "label": "port_of_arrival_name"
  },
  "yud4t8v8vvoqvxqkcsnyetpo": {
    "placeholder": "__PLACEHOLDER__xdboolean-value_yud4t8v8vvoqvxqkcsnyetpo",
    "ct_id": "yud4t8v8vvoqvxqkcsnyetpo",
    "adapter_ctid": "u3oywd2pikm96hn50oqgjoq6",
    "element_name": "xdboolean-value",
    "type": "XdBoolean",
    "label": "pilot_required"
  },
  "nx6i3c37h7f9s3paly8j7m0z": {
    "placeholder": "__PLACEHOLDER__xdboolean-value_nx6i3c37h7f9s3paly8j7m0z",
    "ct_id": "nx6i3c37h7f9s3paly8j7m0z",
    "adapter_ctid": "vu6yjx5gvvs3yp3ef6753ios",
    "element_name": "xdboolean-value",
    "type": "XdBoolean",
    "label": "tug_assistance_required"
  },
  "zaall58ahgfu3kcdurgvrc1g": {
    "placeholder": "__PLACEHOLDER__xdstring-value_zaall58ahgfu3kcdurgvrc1g",
    "ct_id": "zaall58ahgfu3kcdurgvrc1g",
    "adapter_ctid": "azqjdnkv592pzjltbr9eed3y",
    "element_name": "xdstring-value",
    "type": "XdString",
    "label": "hazmat_class"
  },
  "sf7dlc3b6iwz7c5hand1sjno": {
    "placeholder": "__PLACEHOLDER__xdboolean-value_sf7dlc3b6iwz7c5hand1sjno",
    "ct_id": "sf7dlc3b6iwz7c5hand1sjno",
    "adapter_ctid": "xobgfq1c4bl0bz6c5uowluty",
    "element_name": "xdboolean-value",
    "type": "XdBoolean",
    "label": "cargo_on_board"
  },
  "n7knw8vo8jljwd1ci5ussfut": {
    "placeholder": "__PLACEHOLDER__xdboolean-value_n7knw8vo8jljwd1ci5ussfut",
    "ct_id": "n7knw8vo8jljwd1ci5ussfut",
    "adapter_ctid": "xgqrv1wh1jlpcco63trdi2ia",
    "element_name": "xdboolean-value",
    "type": "XdBoolean",
    "label": "hazardous_cargo"
  },
  "i5rgl2ys7x8x7jdgpstd8tdj": {
    "placeholder": "__PLACEHOLDER__xdcount-value_i5rgl2ys7x8x7jdgpstd8tdj",
    "ct_id": "i5rgl2ys7x8x7jdgpstd8tdj",
    "adapter_ctid": "blqa56ml038lexftt52gskzi",
    "element_name": "xdcount-value",
    "type": "XdCount",
    "label": "total_teu_containers"
  },
  "trwuxxxafmqy3w9bw26pelug": {
    "placeholder": "__PLACEHOLDER__xdstring-value_trwuxxxafmqy3w9bw26pelug",
    "ct_id": "trwuxxxafmqy3w9bw26pelug",
    "adapter_ctid": null,
    "element_name": "xdstring-value",
    "type": "XdString",
    "label": "total_teu_containers_units"
  },
  "yd7llyun2ro0e3s0abe3ep15": {
    "placeholder": "__PLACEHOLDER__xdquantity-value_yd7llyun2ro0e3s0abe3ep15",
    "ct_id": "yd7llyun2ro0e3s0abe3ep15",
    "adapter_ctid": "ihf4p48ht8v2lyrqmegipgch",
    "element_name": "xdquantity-value",
    "type": "XdQuantity",
    "label": "total_cargo_weight"
  },
  "ia6me3y8vucgi3kihpgrp5o2": {
    "placeholder": "__PLACEHOLDER__xdstring-value_ia6me3y8vucgi3kihpgrp5o2",
    "ct_id": "ia6me3y8vucgi3kihpgrp5o2",
    "adapter_ctid": null,
    "element_name": "xdstring-value",
    "type": "XdString",
    "label": "total_cargo_weight_units"
  },
  "g0ooil4z6vt33au279g9z83v": {
    "placeholder": "__PLACEHOLDER__xdtemporal-value_g0ooil4z6vt33au279g9z83v",
    "ct_id": "g0ooil4z6vt33au279g9z83v",
    "adapter_ctid": "ohah0uejktnouirhv9440qls",
    "element_name": "xdtemporal-value",
    "type": "XdTemporal",
    "label": "cargo_manifest_attached"
  },
  "etgtddux0mljl4eotsadqo35": {
    "placeholder": "__PLACEHOLDER__xdstring-value_etgtddux0mljl4eotsadqo35",
    "ct_id": "etgtddux0mljl4eotsadqo35",
    "adapter_ctid": "hd6qbskwpqce0t1u92d4j9fu",
    "element_name": "xdstring-value",
    "type": "XdString",
    "label": "certificate_expiration_warnings"
  },
  "xl4oafxqutv8g7fkh0maxa41": {
    "placeholder": "__PLACEHOLDER__xdboolean-value_xl4oafxqutv8g7fkh0maxa41",
    "ct_id": "xl4oafxqutv8g7fkh0maxa41",
    "adapter_ctid": "gyidvyl87e2occsrl4nwd6wc",
    "element_name": "xdboolean-value",
    "type": "XdBoolean",
    "label": "insurance_certificate"
  },
  "eqga0d9nm062m8spcfvtzfss": {
    "placeholder": "__PLACEHOLDER__xdboolean-value_eqga0d9nm062m8spcfvtzfss",
    "ct_id": "eqga0d9nm062m8spcfvtzfss",
    "adapter_ctid": "dkpxcgllx3lrfbs2eui9u8gc",
    "element_name": "xdboolean-value",
    "type": "XdBoolean",
    "label": "international_tonnage_certificate"
  },
  "yxnp5c4j15oxiu2568u406o4": {
    "placeholder": "__PLACEHOLDER__xdboolean-value_yxnp5c4j15oxiu2568u406o4",
    "ct_id": "yxnp5c4j15oxiu2568u406o4",
    "adapter_ctid": "kxoaihfdv47n6h7jik79572h",
    "element_name": "xdboolean-value",
    "type": "XdBoolean",
    "label": "load_line_certificate"
  },
  "yyzf4q5l1l4bix2z5514k841": {
    "placeholder": "__PLACEHOLDER__xdboolean-value_yyzf4q5l1l4bix2z5514k841",
    "ct_id": "yyzf4q5l1l4bix2z5514k841",
    "adapter_ctid": "h8rxzpwx2jljh8w96109q9g1",
    "element_name": "xdboolean-value",
    "type": "XdBoolean",
    "label": "safety_equipment_certificate"
  },
  "nxzza3wjmgtzisbfdwf1ohqo": {
    "placeholder": "__PLACEHOLDER__xdboolean-value_nxzza3wjmgtzisbfdwf1ohqo",
    "ct_id": "nxzza3wjmgtzisbfdwf1ohqo",
    "adapter_ctid": "hvlzh8wy53olebddo7faq7hx",
    "element_name": "xdboolean-value",
    "type": "XdBoolean",
    "label": "vessel_certificate_of_registry"
  },
  "q4s2qtkfiag1s83q5c06k48g": {
    "placeholder": "__PLACEHOLDER__xdstring-value_q4s2qtkfiag1s83q5c06k48g",
    "ct_id": "q4s2qtkfiag1s83q5c06k48g",
    "adapter_ctid": "v2xj95eqx4j6obv288l3qi8d",
    "element_name": "xdstring-value",
    "type": "XdString",
    "label": "crew_nationalities"
  },
  "k7oyehzwuhitf7a9m92f4bm1": {
    "placeholder": "__PLACEHOLDER__xdcount-value_k7oyehzwuhitf7a9m92f4bm1",
    "ct_id": "k7oyehzwuhitf7a9m92f4bm1",
    "adapter_ctid": "eyi4wq8amcgtqit83qp9cifp",
    "element_name": "xdcount-value",
    "type": "XdCount",
    "label": "crew_count"
  },
  "r3vx9bxcu6pqu0crl88ue0uo": {
    "placeholder": "__PLACEHOLDER__xdstring-value_r3vx9bxcu6pqu0crl88ue0uo",
    "ct_id": "r3vx9bxcu6pqu0crl88ue0uo",
    "adapter_ctid": null,
    "element_name": "xdstring-value",
    "type": "XdString",
    "label": "crew_count_units"
  },
  "orddibgmbasvmcqhp15wnyhp": {
    "placeholder": "__PLACEHOLDER__xdcount-value_orddibgmbasvmcqhp15wnyhp",
    "ct_id": "orddibgmbasvmcqhp15wnyhp",
    "adapter_ctid": "grfjrg2wvzaxvas8jzfaqrlk",
    "element_name": "xdcount-value",
    "type": "XdCount",
    "label": "officers_count"
  },
  "eoniyaiyi9vynhnvopl4l2zo": {
    "placeholder": "__PLACEHOLDER__xdstring-value_eoniyaiyi9vynhnvopl4l2zo",
    "ct_id": "eoniyaiyi9vynhnvopl4l2zo",
    "adapter_ctid": null,
    "element_name": "xdstring-value",
    "type": "XdString",
    "label": "officers_count_units"
  },
  "nt1d47672a7uapqcqh2l0f3j": {
    "placeholder": "__PLACEHOLDER__xdcount-value_nt1d47672a7uapqcqh2l0f3j",
    "ct_id": "nt1d47672a7uapqcqh2l0f3j",
    "adapter_ctid": "fet92tmoq6767vu5htuma97a",
    "element_name": "xdcount-value",
    "type": "XdCount",
    "label": "total_crew_count"
  },
  "p15hu59g3wyughkg2lhei70x": {
    "placeholder": "__PLACEHOLDER__xdstring-value_p15hu59g3wyughkg2lhei70x",
    "ct_id": "p15hu59g3wyughkg2lhei70x",
    "adapter_ctid": null,
    "element_name": "xdstring-value",
    "type": "XdString",
    "label": "total_crew_count_units"
  },
  "ovnuq2ea4qu5zpc66jft3sxp": {
    "placeholder": "__PLACEHOLDER__xdtemporal-value_ovnuq2ea4qu5zpc66jft3sxp",
    "ct_id": "ovnuq2ea4qu5zpc66jft3sxp",
    "adapter_ctid": "wnz0q6y77bwo4l5nfh24dka6",
    "element_name": "xdtemporal-value",
    "type": "XdTemporal",
    "label": "crew_list_attached"
  },
  "r4ll0ve5gr6ud54depkbx1zs": {
    "placeholder": "__PLACEHOLDER__xdstring-value_r4ll0ve5gr6ud54depkbx1zs",
    "ct_id": "r4ll0ve5gr6ud54depkbx1zs",
    "adapter_ctid": "z4zck2h1ivo3jchl14u7u2ep",
    "element_name": "xdstring-value",
    "type": "XdString",
    "label": "customs_reference_number"
  },
  "fvukrulidrdi7mj4tejiveq6": {
    "placeholder": "__PLACEHOLDER__xdboolean-value_fvukrulidrdi7mj4tejiveq6",
    "ct_id": "fvukrulidrdi7mj4tejiveq6",
    "adapter_ctid": "pex0z0t029brhyb2xl9a8adm",
    "element_name": "xdboolean-value",
    "type": "XdBoolean",
    "label": "crew_shore_leave_requested"
  },
  "yyqmys66xpwfkgcudilamh5c": {
    "placeholder": "__PLACEHOLDER__xdboolean-value_yyqmys66xpwfkgcudilamh5c",
    "ct_id": "yyqmys66xpwfkgcudilamh5c",
    "adapter_ctid": "as3qgnaaqdmf34nwjyd907hw",
    "element_name": "xdboolean-value",
    "type": "XdBoolean",
    "label": "crew_visa_required"
  },
  "eabl4iwik4fv8k8hwx86vf83": {
    "placeholder": "__PLACEHOLDER__xdboolean-value_eabl4iwik4fv8k8hwx86vf83",
    "ct_id": "eabl4iwik4fv8k8hwx86vf83",
    "adapter_ctid": "g81xp5w2aqqhjfrbfr3nchxx",
    "element_name": "xdboolean-value",
    "type": "XdBoolean",
    "label": "customs_declaration_filed"
  },
  "d22eh898fdj2puymd8sroyqk": {
    "placeholder": "__PLACEHOLDER__xdboolean-value_d22eh898fdj2puymd8sroyqk",
    "ct_id": "d22eh898fdj2puymd8sroyqk",
    "adapter_ctid": "f5qjf1idudwp4iztur3j1jqa",
    "element_name": "xdboolean-value",
    "type": "XdBoolean",
    "label": "immigration_inspection_required"
  },
  "lzhykf27odg38x9lx4g3wf5k": {
    "placeholder": "__PLACEHOLDER__xdstring-value_lzhykf27odg38x9lx4g3wf5k",
    "ct_id": "lzhykf27odg38x9lx4g3wf5k",
    "adapter_ctid": "j7c5zon7ceqq0d8b91inye0x",
    "element_name": "xdstring-value",
    "type": "XdString",
    "label": "waste_type"
  },
  "jjv2ga919m9l07vi0yjvvlmd": {
    "placeholder": "__PLACEHOLDER__xdboolean-value_jjv2ga919m9l07vi0yjvvlmd",
    "ct_id": "jjv2ga919m9l07vi0yjvvlmd",
    "adapter_ctid": "uz4mxz053ox25w5nunlhfr0e",
    "element_name": "xdboolean-value",
    "type": "XdBoolean",
    "label": "ballast_water_exchange_required"
  },
  "hd3bbupm526c8hvsddke0qy5": {
    "placeholder": "__PLACEHOLDER__xdboolean-value_hd3bbupm526c8hvsddke0qy5",
    "ct_id": "hd3bbupm526c8hvsddke0qy5",
    "adapter_ctid": "z7kzdmpp5p5cn2krwbyiqzxb",
    "element_name": "xdboolean-value",
    "type": "XdBoolean",
    "label": "ballast_water_management_plan"
  },
  "em779yvjscw65nnu29i4rh5b": {
    "placeholder": "__PLACEHOLDER__xdboolean-value_em779yvjscw65nnu29i4rh5b",
    "ct_id": "em779yvjscw65nnu29i4rh5b",
    "adapter_ctid": "u49oo4ytcrh2gf07ma18dfij",
    "element_name": "xdboolean-value",
    "type": "XdBoolean",
    "label": "sulfur_content_compliant"
  },
  "fn6pzj8edunvew70ecgfx9of": {
    "placeholder": "__PLACEHOLDER__xdboolean-value_fn6pzj8edunvew70ecgfx9of",
    "ct_id": "fn6pzj8edunvew70ecgfx9of",
    "adapter_ctid": "oq77ncbg59j5sisnzi9rtn8x",
    "element_name": "xdboolean-value",
    "type": "XdBoolean",
    "label": "waste_discharge_required"
  },
  "xsaqeyat3sup39ssd9splpdi": {
    "placeholder": "__PLACEHOLDER__xdstring-value_xsaqeyat3sup39ssd9splpdi",
    "ct_id": "xsaqeyat3sup39ssd9splpdi",
    "adapter_ctid": "ulpgs5vwnx6b24n12eepckc9",
    "element_name": "xdstring-value",
    "type": "XdString",
    "label": "illness_description"
  },
  "sw0ys56teu8nrcen9o9rtqrm": {
    "placeholder": "__PLACEHOLDER__xdstring-value_sw0ys56teu8nrcen9o9rtqrm",
    "ct_id": "sw0ys56teu8nrcen9o9rtqrm",
    "adapter_ctid": "iiwxcojx8b95no2yyr53j0hj",
    "element_name": "xdstring-value",
    "type": "XdString",
    "label": "last_10_ports"
  },
  "q96nqizq3wz1ynsb0gsw2rcn": {
    "placeholder": "__PLACEHOLDER__xdstring-value_q96nqizq3wz1ynsb0gsw2rcn",
    "ct_id": "q96nqizq3wz1ynsb0gsw2rcn",
    "adapter_ctid": "hto9q7d2ypniy0noy3i0am8p",
    "element_name": "xdstring-value",
    "type": "XdString",
    "label": "security_incident_description"
  },
  "b78ac7m9og9jy6tghcmkpi9d": {
    "placeholder": "__PLACEHOLDER__xdboolean-value_b78ac7m9og9jy6tghcmkpi9d",
    "ct_id": "b78ac7m9og9jy6tghcmkpi9d",
    "adapter_ctid": "z19gnmlx1hyap157ykeory6i",
    "element_name": "xdboolean-value",
    "type": "XdBoolean",
    "label": "death_on_board"
  },
  "glmcqz23hw2y8724isfvq1my": {
    "placeholder": "__PLACEHOLDER__xdboolean-value_glmcqz23hw2y8724isfvq1my",
    "ct_id": "glmcqz23hw2y8724isfvq1my",
    "adapter_ctid": "sh2ywepr1ljzulxdwp6zhm6d",
    "element_name": "xdboolean-value",
    "type": "XdBoolean",
    "label": "illness_on_board"
  },
  "j80kawa8xdxavrnhzmr3kswx": {
    "placeholder": "__PLACEHOLDER__xdboolean-value_j80kawa8xdxavrnhzmr3kswx",
    "ct_id": "j80kawa8xdxavrnhzmr3kswx",
    "adapter_ctid": "lgprxohml8rlg5m4u0r1nu8c",
    "element_name": "xdboolean-value",
    "type": "XdBoolean",
    "label": "maritime_declaration_of_health"
  },
  "vwxj6jeb7xtlm9sn3jqr687m": {
    "placeholder": "__PLACEHOLDER__xdboolean-value_vwxj6jeb7xtlm9sn3jqr687m",
    "ct_id": "vwxj6jeb7xtlm9sn3jqr687m",
    "adapter_ctid": "lllgk0rvd2mve5qh3jb46cyn",
    "element_name": "xdboolean-value",
    "type": "XdBoolean",
    "label": "medical_assistance_required"
  },
  "l1h10mofz1jiqtjr96fpuvzw": {
    "placeholder": "__PLACEHOLDER__xdboolean-value_l1h10mofz1jiqtjr96fpuvzw",
    "ct_id": "l1h10mofz1jiqtjr96fpuvzw",
    "adapter_ctid": "k5tgx19occmv9amoydo1xcus",
    "element_name": "xdboolean-value",
    "type": "XdBoolean",
    "label": "security_incident_during_voyage"
  },
  "eqfmwk1w1px666blxx4rp32k": {
    "placeholder": "__PLACEHOLDER__xdboolean-value_eqfmwk1w1px666blxx4rp32k",
    "ct_id": "eqfmwk1w1px666blxx4rp32k",
    "adapter_ctid": "pv031gl8y4ufm6xhtujymiwk",
    "element_name": "xdboolean-value",
    "type": "XdBoolean",
    "label": "stowaway_on_board"
  },
  "vlmkuu69jp2ci3gxrtqyxeu2": {
    "placeholder": "__PLACEHOLDER__xdboolean-value_vlmkuu69jp2ci3gxrtqyxeu2",
    "ct_id": "vlmkuu69jp2ci3gxrtqyxeu2",
    "adapter_ctid": "lx7jd27364wwq3yi2qzzg9vb",
    "element_name": "xdboolean-value",
    "type": "XdBoolean",
    "label": "passengers_on_board"
  },
  "qjz4rbr8u0glm6yobozicejn": {
    "placeholder": "__PLACEHOLDER__xdcount-value_qjz4rbr8u0glm6yobozicejn",
    "ct_id": "qjz4rbr8u0glm6yobozicejn",
    "adapter_ctid": "kgirvc5uxbooe56aq660otm0",
    "element_name": "xdcount-value",
    "type": "XdCount",
    "label": "total_passenger_count"
  },
  "au3cfc4ht60xl0hdrwsqvzz6": {
    "placeholder": "__PLACEHOLDER__xdstring-value_au3cfc4ht60xl0hdrwsqvzz6",
    "ct_id": "au3cfc4ht60xl0hdrwsqvzz6",
    "adapter_ctid": null,
    "element_name": "xdstring-value",
    "type": "XdString",
    "label": "total_passenger_count_units"
  },
  "k8a0tnk5dnkx9ddhjv2hbhov": {
    "placeholder": "__PLACEHOLDER__xdtemporal-value_k8a0tnk5dnkx9ddhjv2hbhov",
    "ct_id": "k8a0tnk5dnkx9ddhjv2hbhov",
    "adapter_ctid": "ziu9jb5vhj49qaxvhyngslfx",
    "element_name": "xdtemporal-value",
    "type": "XdTemporal",
    "label": "passenger_list_attached"
  },
  "uq5oybjr82wkvhox0n6julqi": {
    "placeholder": "__PLACEHOLDER__xdboolean-value_uq5oybjr82wkvhox0n6julqi",
    "ct_id": "uq5oybjr82wkvhox0n6julqi",
    "adapter_ctid": "d37xvkd33g1862axafcimebq",
    "element_name": "xdboolean-value",
    "type": "XdBoolean",
    "label": "bunkering_required"
  },
  "yelln5726pdcf5a5e3brqgwf": {
    "placeholder": "__PLACEHOLDER__xdboolean-value_yelln5726pdcf5a5e3brqgwf",
    "ct_id": "yelln5726pdcf5a5e3brqgwf",
    "adapter_ctid": "ihfs56cfkas3r6np23ntban5",
    "element_name": "xdboolean-value",
    "type": "XdBoolean",
    "label": "mooring_service_required"
  },
  "mtg5735xn8j4ofpm6k0znzqp": {
    "placeholder": "__PLACEHOLDER__xdboolean-value_mtg5735xn8j4ofpm6k0znzqp",
    "ct_id": "mtg5735xn8j4ofpm6k0znzqp",
    "adapter_ctid": "qhcut6h35659ncyfptycsq5u",
    "element_name": "xdboolean-value",
    "type": "XdBoolean",
    "label": "pilotage_required"
  },
  "hqqbduwkpyho882cy4b61zy8": {
    "placeholder": "__PLACEHOLDER__xdboolean-value_hqqbduwkpyho882cy4b61zy8",
    "ct_id": "hqqbduwkpyho882cy4b61zy8",
    "adapter_ctid": "p7guwozw3vz98fkahai2t853",
    "element_name": "xdboolean-value",
    "type": "XdBoolean",
    "label": "provisions_required"
  },
  "xvll1gqupfdqdc9f48mqktrp": {
    "placeholder": "__PLACEHOLDER__xdboolean-value_xvll1gqupfdqdc9f48mqktrp",
    "ct_id": "xvll1gqupfdqdc9f48mqktrp",
    "adapter_ctid": "ago526fpa3s6fe28wopu0nws",
    "element_name": "xdboolean-value",
    "type": "XdBoolean",
    "label": "repairs_required"
  },
  "hmmr7l8p367lgr1jr6w4ple2": {
    "placeholder": "__PLACEHOLDER__xdboolean-value_hmmr7l8p367lgr1jr6w4ple2",
    "ct_id": "hmmr7l8p367lgr1jr6w4ple2",
    "adapter_ctid": "v12yskafs1nrvmkr8zh7w4bf",
    "element_name": "xdboolean-value",
    "type": "XdBoolean",
    "label": "stevedore_service_required"
  },
  "i95vg6vymnjyqaq0bjjzxt5m": {
    "placeholder": "__PLACEHOLDER__xdboolean-value_i95vg6vymnjyqaq0bjjzxt5m",
    "ct_id": "i95vg6vymnjyqaq0bjjzxt5m",
    "adapter_ctid": "psy2uth4t0c695n7i1lof4va",
    "element_name": "xdboolean-value",
    "type": "XdBoolean",
    "label": "tug_required"
  },
  "ga2kz9b4sodbkil75p3zornp": {
    "placeholder": "__PLACEHOLDER__xdboolean-value_ga2kz9b4sodbkil75p3zornp",
    "ct_id": "ga2kz9b4sodbkil75p3zornp",
    "adapter_ctid": "m9l43afal1kczc6o7wqehs50",
    "element_name": "xdboolean-value",
    "type": "XdBoolean",
    "label": "waste_removal_required"
  },
  "myk5wsmctundd36owkvzzvji": {
    "placeholder": "__PLACEHOLDER__xdcount-value_myk5wsmctundd36owkvzzvji",
    "ct_id": "myk5wsmctundd36owkvzzvji",
    "adapter_ctid": "rmal9tfhgi1xip18xd4yryv4",
    "element_name": "xdcount-value",
    "type": "XdCount",
    "label": "number_of_tugs"
  },
  "i9eyy16d14n3f9wvyeeomed7": {
    "placeholder": "__PLACEHOLDER__xdstring-value_i9eyy16d14n3f9wvyeeomed7",
    "ct_id": "i9eyy16d14n3f9wvyeeomed7",
    "adapter_ctid": null,
    "element_name": "xdstring-value",
    "type": "XdString",
    "label": "number_of_tugs_units"
  },
  "k26gc5yy2ua8vdg2y2j3umhr": {
    "placeholder": "__PLACEHOLDER__xdstring-value_k26gc5yy2ua8vdg2y2j3umhr",
    "ct_id": "k26gc5yy2ua8vdg2y2j3umhr",
    "adapter_ctid": "xxir41u9joebqjp1wta0xz7c",
    "element_name": "xdstring-value",
    "type": "XdString",
    "label": "actual_berth_assignment"
  },
  "juldsr7rvllmnb1inco1rjno": {
    "placeholder": "__PLACEHOLDER__xdstring-value_juldsr7rvllmnb1inco1rjno",
    "ct_id": "juldsr7rvllmnb1inco1rjno",
    "adapter_ctid": "or7swq6muw3sxfa5ohzxbxme",
    "element_name": "xdstring-value",
    "type": "XdString",
    "label": "approved_by"
  },
  "ongqczdxfe2la4lppei3pila": {
    "placeholder": "__PLACEHOLDER__xdstring-value_ongqczdxfe2la4lppei3pila",
    "ct_id": "ongqczdxfe2la4lppei3pila",
    "adapter_ctid": "qgu5xb3y4ajlprloi4mkba4t",
    "element_name": "xdstring-value",
    "type": "XdString",
    "label": "conditions_or_restrictions"
  },
  "n3b57oqm5gsav76a6bm3ud6a": {
    "placeholder": "__PLACEHOLDER__xdstring-value_n3b57oqm5gsav76a6bm3ud6a",
    "ct_id": "n3b57oqm5gsav76a6bm3ud6a",
    "adapter_ctid": "cdksmhkv7pjkxrmw1sqc44ca",
    "element_name": "xdstring-value",
    "type": "XdString",
    "label": "notes"
  },
  "a07e8az00e5uzrycndpbemia": {
    "placeholder": "__PLACEHOLDER__xdboolean-value_a07e8az00e5uzrycndpbemia",
    "ct_id": "a07e8az00e5uzrycndpbemia",
    "adapter_ctid": "z9nl84j2bs9q6318u6ci3usb",
    "element_name": "xdboolean-value",
    "type": "XdBoolean",
    "label": "arrival_approved"
  },
  "o4j4xp3ohlj8oz6mq88wjmn4": {
    "placeholder": "__PLACEHOLDER__xdstring-value_o4j4xp3ohlj8oz6mq88wjmn4",
    "ct_id": "o4j4xp3ohlj8oz6mq88wjmn4",
    "adapter_ctid": "xc9zrtyusolq3jr4d23cc0dy",
    "element_name": "xdstring-value",
    "type": "XdString",
    "label": "vessel_call_sign"
  },
  "vcztbwg0kbiosrumwg8l9app": {
    "placeholder": "__PLACEHOLDER__xdstring-value_vcztbwg0kbiosrumwg8l9app",
    "ct_id": "vcztbwg0kbiosrumwg8l9app",
    "adapter_ctid": "nv6u306168nwmswiyj0guizl",
    "element_name": "xdstring-value",
    "type": "XdString",
    "label": "vessel_imo_number"
  },
  "vfhefznb0lrplrytp6kz13nd": {
    "placeholder": "__PLACEHOLDER__xdstring-value_vfhefznb0lrplrytp6kz13nd",
    "ct_id": "vfhefznb0lrplrytp6kz13nd",
    "adapter_ctid": "qmgkk29hnwmsypahs6xv5wjv",
    "element_name": "xdstring-value",
    "type": "XdString",
    "label": "vessel_mmsi"
  },
  "uir1chsemww9w39g5o15h858": {
    "placeholder": "__PLACEHOLDER__xdstring-value_uir1chsemww9w39g5o15h858",
    "ct_id": "uir1chsemww9w39g5o15h858",
    "adapter_ctid": "jo5pomapzwbeujkmy2015h5s",
    "element_name": "xdstring-value",
    "type": "XdString",
    "label": "vessel_name"
  },
  "x0w3ab7dfzaqixy8z7uak0oy": {
    "placeholder": "__PLACEHOLDER__xdcount-value_x0w3ab7dfzaqixy8z7uak0oy",
    "ct_id": "x0w3ab7dfzaqixy8z7uak0oy",
    "adapter_ctid": "hj9bcs6poksoyv3qkvvn3yn0",
    "element_name": "xdcount-value",
    "type": "XdCount",
    "label": "vessel_year_built"
  },
  "m7w7z6dynwbvesue3unvrz6w": {
    "placeholder": "__PLACEHOLDER__xdstring-value_m7w7z6dynwbvesue3unvrz6w",
    "ct_id": "m7w7z6dynwbvesue3unvrz6w",
    "adapter_ctid": null,
    "element_name": "xdstring-value",
    "type": "XdString",
    "label": "vessel_year_built_units"
  },
  "w3w8ecjht7j9kdf5jy9sdrxo": {
    "placeholder": "__PLACEHOLDER__xdquantity-value_w3w8ecjht7j9kdf5jy9sdrxo",
    "ct_id": "w3w8ecjht7j9kdf5jy9sdrxo",
    "adapter_ctid": "h75hgi3pg2g4wipbi6dszq2u",
    "element_name": "xdquantity-value",
    "type": "XdQuantity",
    "label": "vessel_beam"
  },
  "ukdy0snvh98lt7clypcpbzwl": {
    "placeholder": "__PLACEHOLDER__xdstring-value_ukdy0snvh98lt7clypcpbzwl",
    "ct_id": "ukdy0snvh98lt7clypcpbzwl",
    "adapter_ctid": null,
    "element_name": "xdstring-value",
    "type": "XdString",
    "label": "location_altitude_units"
  },
  "wxnfblyc2xfvwsf34b0ns43y": {
    "placeholder": "__PLACEHOLDER__xdquantity-value_wxnfblyc2xfvwsf34b0ns43y",
    "ct_id": "wxnfblyc2xfvwsf34b0ns43y",
    "adapter_ctid": "p4o5qqhvacf0a4bkm9hxkpl1",
    "element_name": "xdquantity-value",
    "type": "XdQuantity",
    "label": "vessel_draft"
  },
  "upz17eob2bzxew1wp082w6tt": {
    "placeholder": "__PLACEHOLDER__xdquantity-value_upz17eob2bzxew1wp082w6tt",
    "ct_id": "upz17eob2bzxew1wp082w6tt",
    "adapter_ctid": "gglya1owz5ols6fray9v0o7s",
    "element_name": "xdquantity-value",
    "type": "XdQuantity",
    "label": "vessel_gross_tonnage"
  },
  "akljduwbrd0q68fqkjafs2es": {
    "placeholder": "__PLACEHOLDER__xdstring-value_akljduwbrd0q68fqkjafs2es",
    "ct_id": "akljduwbrd0q68fqkjafs2es",
    "adapter_ctid": null,
    "element_name": "xdstring-value",
    "type": "XdString",
    "label": "vessel_gross_tonnage_units"
  },
  "zgltc53zxfodtjw01sahqtq5": {
    "placeholder": "__PLACEHOLDER__xdquantity-value_zgltc53zxfodtjw01sahqtq5",
    "ct_id": "zgltc53zxfodtjw01sahqtq5",
    "adapter_ctid": "vps4yrhzrlmd2ul9t1la00xn",
    "element_name": "xdquantity-value",
    "type": "XdQuantity",
    "label": "vessel_length"
  },
  "sjgb6qjqksljgongw58yhkfq": {
    "placeholder": "__PLACEHOLDER__xdquantity-value_sjgb6qjqksljgongw58yhkfq",
    "ct_id": "sjgb6qjqksljgongw58yhkfq",
    "adapter_ctid": "m4r6f7nv5yqyb670hkez2btu",
    "element_name": "xdquantity-value",
    "type": "XdQuantity",
    "label": "vessel_net_tonnage"
  },
  "vgtf44ab9ridjzj05wapps0t": {
    "placeholder": "__PLACEHOLDER__xdstring-value_vgtf44ab9ridjzj05wapps0t",
    "ct_id": "vgtf44ab9ridjzj05wapps0t",
    "adapter_ctid": null,
    "element_name": "xdstring-value",
    "type": "XdString",
    "label": "vessel_net_tonnage_units"
  },
  "nw2prizp9w8bo1f4aj2lmqfc": {
    "placeholder": "__PLACEHOLDER__xdstring-value_nw2prizp9w8bo1f4aj2lmqfc",
    "ct_id": "nw2prizp9w8bo1f4aj2lmqfc",
    "adapter_ctid": "xgyrp6ybzoi4cfy4zla0lieu",
    "element_name": "xdstring-value",
    "type": "XdString",
    "label": "final_destination_port"
  },
  "loq51wji182mpop34l7ird2r": {
    "placeholder": "__PLACEHOLDER__xdstring-value_loq51wji182mpop34l7ird2r",
    "ct_id": "loq51wji182mpop34l7ird2r",
    "adapter_ctid": "yq5tvb3yov8z1ll1ah00wsw8",
    "element_name": "xdstring-value",
    "type": "XdString",
    "label": "next_port_code"
  },
  "actrvhnuz5eqmwy1gj2eq7vk": {
    "placeholder": "__PLACEHOLDER__xdstring-value_actrvhnuz5eqmwy1gj2eq7vk",
    "ct_id": "actrvhnuz5eqmwy1gj2eq7vk",
    "adapter_ctid": "hn5bwsb2rqw1gp2apegtiiur",
    "element_name": "xdstring-value",
    "type": "XdString",
    "label": "next_port_of_call"
  },
  "h44oxi0amdfltuhrwjqi3cbs": {
    "placeholder": "__PLACEHOLDER__xdstring-value_h44oxi0amdfltuhrwjqi3cbs",
    "ct_id": "h44oxi0amdfltuhrwjqi3cbs",
    "adapter_ctid": "c7omx4td6yvewm78xgafzgqj",
    "element_name": "xdstring-value",
    "type": "XdString",
    "label": "port_of_departure"
  },
  "rds5evrbh5vguqbnwi4viho3": {
    "placeholder": "__PLACEHOLDER__xdstring-value_rds5evrbh5vguqbnwi4viho3",
    "ct_id": "rds5evrbh5vguqbnwi4viho3",
    "adapter_ctid": "sx73t98rkhl12bn7w6u2dhui",
    "element_name": "xdstring-value",
    "type": "XdString",
    "label": "port_of_departure_code"
  },
  "kaeq0tksggkuekb82hfw78dm": {
    "placeholder": "__PLACEHOLDER__xdstring-value_kaeq0tksggkuekb82hfw78dm",
    "ct_id": "kaeq0tksggkuekb82hfw78dm",
    "adapter_ctid": "frfyh78fuii77kkgiyu2hdro",
    "element_name": "xdstring-value",
    "type": "XdString",
    "label": "ports_of_call"
  },
  "rdcbm6hwpaapjcfq8d2yvxgv": {
    "placeholder": "__PLACEHOLDER__xdstring-value_rdcbm6hwpaapjcfq8d2yvxgv",
    "ct_id": "rdcbm6hwpaapjcfq8d2yvxgv",
    "adapter_ctid": "r3n9288oc2wtfnz8npanuhyi",
    "element_name": "xdstring-value",
    "type": "XdString",
    "label": "voyage_number"
  }
}