{
  "bu9e8u6dao89hu5ji7c40x2p": {
    "placeholder": "__PLACEHOLDER__xdstring-value_bu9e8u6dao89hu5ji7c40x2p",
    "ct_id": "bu9e8u6dao89hu5ji7c40x2p",
    "adapter_ctid": "oeelfyp8z32ee33ik035v5sj",
    "element_name": "xdstring-value",
    "type": "XdString",
    "label": "arresting_agency_ori"
  },
  "voxb17jjea26bz52n98a0a8z": {
    "placeholder": "__PLACEHOLDER__xdstring-value_voxb17jjea26bz52n98a0a8z",
    "ct_id": "voxb17jjea26bz52n98a0a8z",
    "adapter_ctid": "zrfz0ddgefx8zvgum08x8bza",
    "element_name": "xdstring-value",
    "type": "XdString",
    "label": "arrest_report_number"
  },
  "r2nxzil97dhu4uivymvl3mlo": {
    "placeholder": "__PLACEHOLDER__xdcount-value_r2nxzil97dhu4uivymvl3mlo",
    "ct_id": "r2nxzil97dhu4uivymvl3mlo",
    "adapter_ctid": "gbbj6z87xd2lm6r9e606tdif",
    "element_name": "xdcount-value",
    "type": "XdCount",
    "label": "additional_charge_count"
  },
  "zat92pwccmhmuj2ht594r07c": {
    "placeholder": "__PLACEHOLDER__xdstring-value_zat92pwccmhmuj2ht594r07c",
    "ct_id": "zat92pwccmhmuj2ht594r07c",
    "adapter_ctid": null,
    "element_name": "xdstring-value",
    "type": "XdString",
    "label": "additional_charge_count_units"
  },
  "xmqx5te3v4tiqnxate4jnvns": {
    "placeholder": "__PLACEHOLDER__xdstring-value_xmqx5te3v4tiqnxate4jnvns",
    "ct_id": "xmqx5te3v4tiqnxate4jnvns",
    "adapter_ctid": "nhanad9bjyn1z2ioci8kn8xp",
    "element_name": "xdstring-value",
    "type": "XdString",
    "label": "arrestee_injury_description"
  },
  "x33ia6t45wd817z7av8fdov7": {
    "placeholder": "__PLACEHOLDER__xdstring-value_x33ia6t45wd817z7av8fdov7",
    "ct_id": "x33ia6t45wd817z7av8fdov7",
    "adapter_ctid": "s1qwf1wlz88gfn0sdx2ojz1u",
    "element_name": "xdstring-value",
    "type": "XdString",
    "label": "evidence_description"
  },
  "c30d7j21ciqw0jd6f9lm1eet": {
    "placeholder": "__PLACEHOLDER__xdstring-value_c30d7j21ciqw0jd6f9lm1eet",
    "ct_id": "c30d7j21ciqw0jd6f9lm1eet",
    "adapter_ctid": "lybah2ltsbi6x8x8jnhktykk",
    "element_name": "xdstring-value",
    "type": "XdString",
    "label": "officer_injury_description"
  },
  "oguaz42yrp6x7krhhels0483": {
    "placeholder": "__PLACEHOLDER__xdstring-value_oguaz42yrp6x7krhhels0483",
    "ct_id": "oguaz42yrp6x7krhhels0483",
    "adapter_ctid": "ox2u3dgm5eplybl0erfj9ajj",
    "element_name": "xdstring-value",
    "type": "XdString",
    "label": "property_description"
  },
  "fhuiwz5znpgcfszlygdix4pm": {
    "placeholder": "__PLACEHOLDER__xdstring-value_fhuiwz5znpgcfszlygdix4pm",
    "ct_id": "fhuiwz5znpgcfszlygdix4pm",
    "adapter_ctid": "xbrv5jvfh1rpccqsqkuyt6km",
    "element_name": "xdstring-value",
    "type": "XdString",
    "label": "use_of_force_description"
  },
  "skma4dy0l1r9oi94v7pjb91q": {
    "placeholder": "__PLACEHOLDER__xdboolean-value_skma4dy0l1r9oi94v7pjb91q",
    "ct_id": "skma4dy0l1r9oi94v7pjb91q",
    "adapter_ctid": "qevnzx416knqt551ln6lczfq",
    "element_name": "xdboolean-value",
    "type": "XdBoolean",
    "label": "arrestee_injured"
  },
  "g9r8orzw31b4mqdqcx3reqt8": {
    "placeholder": "__PLACEHOLDER__xdboolean-value_g9r8orzw31b4mqdqcx3reqt8",
    "ct_id": "g9r8orzw31b4mqdqcx3reqt8",
    "adapter_ctid": "cvodm452k49za5582qzhx0yc",
    "element_name": "xdboolean-value",
    "type": "XdBoolean",
    "label": "evidence_collected"
  },
  "n7psw25eb9ui8ojafhxg92z1": {
    "placeholder": "__PLACEHOLDER__xdboolean-value_n7psw25eb9ui8ojafhxg92z1",
    "ct_id": "n7psw25eb9ui8ojafhxg92z1",
    "adapter_ctid": "wrik58y6ulpogeef34pihn5s",
    "element_name": "xdboolean-value",
    "type": "XdBoolean",
    "label": "officer_injured"
  },
  "vnun8rkf0srxh7ax2t5bgs7z": {
    "placeholder": "__PLACEHOLDER__xdboolean-value_vnun8rkf0srxh7ax2t5bgs7z",
    "ct_id": "vnun8rkf0srxh7ax2t5bgs7z",
    "adapter_ctid": "w6rfe3a7yfg4v7w3t5r6x63y",
    "element_name": "xdboolean-value",
    "type": "XdBoolean",
    "label": "property_seized"
  },
  "l02dp50jxw1r9o00raqqjdz7": {
    "placeholder": "__PLACEHOLDER__xdboolean-value_l02dp50jxw1r9o00raqqjdz7",
    "ct_id": "l02dp50jxw1r9o00raqqjdz7",
    "adapter_ctid": "rmxmqlwjp4kkgh4p1fdayhfv",
    "element_name": "xdboolean-value",
    "type": "XdBoolean",
    "label": "use_of_force"
  },
  "cdzlsot916ztnesv6310b6ak": {
    "placeholder": "__PLACEHOLDER__xdstring-value_cdzlsot916ztnesv6310b6ak",
    "ct_id": "cdzlsot916ztnesv6310b6ak",
    "adapter_ctid": "lc3cw6e576knyews7v3vl8i3",
    "element_name": "xdstring-value",
    "type": "XdString",
    "label": "arrestee_ssn"
  },
  "r4ifdf4qpuox0xzoru2qafsg": {
    "placeholder": "__PLACEHOLDER__xdstring-value_r4ifdf4qpuox0xzoru2qafsg",
    "ct_id": "r4ifdf4qpuox0xzoru2qafsg",
    "adapter_ctid": "imqyhjvo1difx0s0dltzg1a6",
    "element_name": "xdstring-value",
    "type": "XdString",
    "label": "officer_badge_number"
  },
  "aobwos900lslhm4nl3rm9gxt": {
    "placeholder": "__PLACEHOLDER__xdstring-value_aobwos900lslhm4nl3rm9gxt",
    "ct_id": "aobwos900lslhm4nl3rm9gxt",
    "adapter_ctid": "yoqxbp740k5kqdepzzx1sisu",
    "element_name": "xdstring-value",
    "type": "XdString",
    "label": "officer_rank"
  },
  "krk1ygdvrcax66n113kldjgq": {
    "placeholder": "__PLACEHOLDER__xdstring-value_krk1ygdvrcax66n113kldjgq",
    "ct_id": "krk1ygdvrcax66n113kldjgq",
    "adapter_ctid": "t5t1ed7oubdxp1apon306e3l",
    "element_name": "xdstring-value",
    "type": "XdString",
    "label": "officer_unit"
  },
  "xc51rwq39a0g4f2bznoyck2e": {
    "placeholder": "__PLACEHOLDER__xdstring-value_xc51rwq39a0g4f2bznoyck2e",
    "ct_id": "xc51rwq39a0g4f2bznoyck2e",
    "adapter_ctid": "evtdyi02bg42bvr0kra4l2bi",
    "element_name": "xdstring-value",
    "type": "XdString",
    "label": "booking_facility"
  },
  "u7enae4kbugdtykv8vv6nbhp": {
    "placeholder": "__PLACEHOLDER__xdstring-value_u7enae4kbugdtykv8vv6nbhp",
    "ct_id": "u7enae4kbugdtykv8vv6nbhp",
    "adapter_ctid": "srgse1v6nsltqkb9vul15u0d",
    "element_name": "xdstring-value",
    "type": "XdString",
    "label": "booking_number"
  },
  "k3rhuoiurmnlu9tabx0s7poz": {
    "placeholder": "__PLACEHOLDER__xdstring-value_k3rhuoiurmnlu9tabx0s7poz",
    "ct_id": "k3rhuoiurmnlu9tabx0s7poz",
    "adapter_ctid": "x4u6wedzl2icgot8fwacq2zl",
    "element_name": "xdstring-value",
    "type": "XdString",
    "label": "prosecutor_assigned"
  },
  "hdzh6xy2tatfeiaf55c7ehi7": {
    "placeholder": "__PLACEHOLDER__xdstring-value_hdzh6xy2tatfeiaf55c7ehi7",
    "ct_id": "hdzh6xy2tatfeiaf55c7ehi7",
    "adapter_ctid": "egq03qzbb1krjlpibmj4wwg4",
    "element_name": "xdstring-value",
    "type": "XdString",
    "label": "report_approved_by"
  },
  "nf5viu13xv0ke9ezr13cmoty": {
    "placeholder": "__PLACEHOLDER__xdstring-value_nf5viu13xv0ke9ezr13cmoty",
    "ct_id": "nf5viu13xv0ke9ezr13cmoty",
    "adapter_ctid": "n0bl9f5t949hslhwdtiuwyro",
    "element_name": "xdstring-value",
    "type": "XdString",
    "label": "arrestee_statement"
  },
  "xx3l6wtck0j3b41bjeit067g": {
    "placeholder": "__PLACEHOLDER__xdstring-value_xx3l6wtck0j3b41bjeit067g",
    "ct_id": "xx3l6wtck0j3b41bjeit067g",
    "adapter_ctid": "iwtcs3hnd3bfo1fvg64p95n0",
    "element_name": "xdstring-value",
    "type": "XdString",
    "label": "arrest_narrative"
  },
  "xdainxbz3tamih28ffhb9tyd": {
    "placeholder": "__PLACEHOLDER__xdstring-value_xdainxbz3tamih28ffhb9tyd",
    "ct_id": "xdainxbz3tamih28ffhb9tyd",
    "adapter_ctid": "jql7x41ibs468l3xv3kdaczk",
    "element_name": "xdstring-value",
    "type": "XdString",
    "label": "witness_names"
  },
  "blucy1tactg2ipb62vwwu7it": {
    "placeholder": "__PLACEHOLDER__xdstring-value_blucy1tactg2ipb62vwwu7it",
    "ct_id": "blucy1tactg2ipb62vwwu7it",
    "adapter_ctid": "vwm1ofpq8oc6f3ekxto4tz94",
    "element_name": "xdstring-value",
    "type": "XdString",
    "label": "witness_statements"
  },
  "wlkueb59bowm0ejpsn1xwau4": {
    "placeholder": "__PLACEHOLDER__xdboolean-value_wlkueb59bowm0ejpsn1xwau4",
    "ct_id": "wlkueb59bowm0ejpsn1xwau4",
    "adapter_ctid": "ule7x4sgoh9la6ei991lkwve",
    "element_name": "xdboolean-value",
    "type": "XdBoolean",
    "label": "miranda_rights_given"
  },
  "jn72rjhgtjkpfyrr31w9x2vt": {
    "placeholder": "__PLACEHOLDER__xdcount-value_jn72rjhgtjkpfyrr31w9x2vt",
    "ct_id": "jn72rjhgtjkpfyrr31w9x2vt",
    "adapter_ctid": "o2syx8wzsrwk65qg58vlxfcp",
    "element_name": "xdcount-value",
    "type": "XdCount",
    "label": "charge_count"
  },
  "tjceigfxyycvkzg4jlwz1mm9": {
    "placeholder": "__PLACEHOLDER__xdstring-value_tjceigfxyycvkzg4jlwz1mm9",
    "ct_id": "tjceigfxyycvkzg4jlwz1mm9",
    "adapter_ctid": null,
    "element_name": "xdstring-value",
    "type": "XdString",
    "label": "charge_count_units"
  },
  "rtj3us5dh4j4vf8w9f031eh2": {
    "placeholder": "__PLACEHOLDER__xdboolean-value_rtj3us5dh4j4vf8w9f031eh2",
    "ct_id": "rtj3us5dh4j4vf8w9f031eh2",
    "adapter_ctid": "xtm5fiwdhctkezl44yg2t3nb",
    "element_name": "xdboolean-value",
    "type": "XdBoolean",
    "label": "vehicle_involved"
  }
}