<?xml version="1.0" encoding="UTF-8"?>
<sdc4:dm-its7j6bvrb9n2fxdcxmoemod
  xmlns:xsi="http://www.w3.org/2001/XMLSchema-instance"
  xmlns:sdc4="https://semanticdatacharter.com/ns/sdc4/"
  xsi:schemaLocation="https://semanticdatacharter.com/ns/sdc4/ https://semanticdatacharter.com/dmlib/dm-its7j6bvrb9n2fxdcxmoemod.xsd">

  <dm-label>StatePopulation</dm-label>
  <dm-language>en-US</dm-language>
  <dm-encoding>utf-8</dm-encoding>
  <creation_timestamp>2025-12-09T22:02:47.849048</creation_timestamp>
  <instance_id>dm-its7j6bvrb9n2fxdcxmoemod</instance_id>
  <instance_version>1.0</instance_version>
  <current-state></current-state>
  <sdc4:ms-nk7ry8358vwjojwswli6ssrv>
    <label>StatePopulation Data Cluster</label>
  <sdc4:ms-t56ndr4nxtw3502mdye4oec0>
    <sdc4:ms-poq4ywx89zvijxwoqz8djrxj>
      <label>State</label>
      <xdstring-value>DefaultString</xdstring-value>
    </sdc4:ms-poq4ywx89zvijxwoqz8djrxj>
  </sdc4:ms-t56ndr4nxtw3502mdye4oec0>
  <sdc4:ms-piptedzipyfoap9blmmye38t>
    <sdc4:ms-ac79bjkqi8906qzjujpwtlsy>
      <label>Adult Population</label>
      <xdcount-value>9</xdcount-value>
      <xdcount-units>
        <label>Adult Population_units</label>
        <xdstring-value>people</xdstring-value>
      </xdcount-units>
    </sdc4:ms-ac79bjkqi8906qzjujpwtlsy>
  </sdc4:ms-piptedzipyfoap9blmmye38t>
  <sdc4:ms-xg74x837uenvjesj7rmwbwun>
    <sdc4:ms-w30d6kzcdcfnjxvk94w58nfw>
      <label>Total Population</label>
      <xdcount-value>55</xdcount-value>
      <xdcount-units>
        <label>Total Population_units</label>
        <xdstring-value>people</xdstring-value>
      </xdcount-units>
    </sdc4:ms-w30d6kzcdcfnjxvk94w58nfw>
  </sdc4:ms-xg74x837uenvjesj7rmwbwun>
  <sdc4:ms-k0l78bdti19i2v0x9irpa6gy>
    <sdc4:ms-hzsoktbrtlhowsl71kywg81w>
      <label>Adult Population Percentage</label>
      <xdquantity-value>0.0</xdquantity-value>
      <xdquantity-units>
        <label>Adult Population Percentage_units</label>
        <xdstring-value>%</xdstring-value>
      </xdquantity-units>
    </sdc4:ms-hzsoktbrtlhowsl71kywg81w>
  </sdc4:ms-k0l78bdti19i2v0x9irpa6gy>
  </sdc4:ms-nk7ry8358vwjojwswli6ssrv>
</sdc4:dm-its7j6bvrb9n2fxdcxmoemod>
