{
  "@context": "https://semanticdatacharter.com/ns/sdc4/",
  "dm_id": "c122146hdbd4n5mr54x46veo",
  "dm_type": "dm-c122146hdbd4n5mr54x46veo",
  "metadata": {
    "dm_language": "en-US",
    "dm_label": "Vessel Arrival Report",
    "dm_encoding": "utf-8",
    "instance_id": "dm-c122146hdbd4n5mr54x46veo",
    "instance_version": "1.0",
    "creation_timestamp": "2025-12-11T12:39:53.089094",
    "current_state": ""
  },
  "data": {
    "component_id": "hdszm0nr03icazrybt2hxl90",
    "label": "Vessel Arrival Report",
    "type": "Cluster",
    "description": "Cluster for Vessel Arrival Report",
    "items": [
      {
        "component_id": "njnfg7l4t3drhgqfmguov8sh",
        "label": "arrival_report_number",
        "type": "XdString",
        "description": "Unique identifier for this arrival report",
        "value": "DefaultString"
      },
      {
        "component_id": "mtlg3n3rbkg01q0x3aqp1uat",
        "label": "berth_assignment",
        "type": "XdString",
        "description": "Assigned berth or dock",
        "value": "DefaultString"
      },
      {
        "component_id": "w8ocba1a03xcxdog0a7ufg26",
        "label": "port_of_arrival_code",
        "type": "XdString",
        "description": "UN/LOCODE or port identifier code",
        "value": "DefaultString"
      },
      {
        "component_id": "oh05xy9yws8te3zauk2vc2nf",
        "label": "port_of_arrival_name",
        "type": "XdString",
        "description": "Name of port where vessel will arrive",
        "value": "DefaultString"
      },
      {
        "component_id": "yud4t8v8vvoqvxqkcsnyetpo",
        "label": "pilot_required",
        "type": "XdBoolean",
        "description": "Whether pilot service is required for entry",
        "value": true
      },
      {
        "component_id": "nx6i3c37h7f9s3paly8j7m0z",
        "label": "tug_assistance_required",
        "type": "XdBoolean",
        "description": "Whether tug assistance is required",
        "value": true
      }
    ]
  }
}