{
  "bu9e8u6dao89hu5ji7c40x2p": {
    "placeholder": "__PLACEHOLDER__xdstring-value_bu9e8u6dao89hu5ji7c40x2p",
    "ct_id": "bu9e8u6dao89hu5ji7c40x2p",
    "adapter_ctid": "e3c8blhgayywk320rdtrbdu1",
    "element_name": "xdstring-value",
    "type": "XdString",
    "label": "arresting_agency_ori"
  },
  "voxb17jjea26bz52n98a0a8z": {
    "placeholder": "__PLACEHOLDER__xdstring-value_voxb17jjea26bz52n98a0a8z",
    "ct_id": "voxb17jjea26bz52n98a0a8z",
    "adapter_ctid": "cp7jw0cetycugfvqitw6apno",
    "element_name": "xdstring-value",
    "type": "XdString",
    "label": "arrest_report_number"
  },
  "r2nxzil97dhu4uivymvl3mlo": {
    "placeholder": "__PLACEHOLDER__xdcount-value_r2nxzil97dhu4uivymvl3mlo",
    "ct_id": "r2nxzil97dhu4uivymvl3mlo",
    "adapter_ctid": "trlwgdiklm4pfe3ec4uyi8d2",
    "element_name": "xdcount-value",
    "type": "XdCount",
    "label": "additional_charge_count"
  },
  "zat92pwccmhmuj2ht594r07c": {
    "placeholder": "__PLACEHOLDER__xdstring-value_zat92pwccmhmuj2ht594r07c",
    "ct_id": "zat92pwccmhmuj2ht594r07c",
    "adapter_ctid": null,
    "element_name": "xdstring-value",
    "type": "XdString",
    "label": "additional_charge_count_units"
  },
  "xmqx5te3v4tiqnxate4jnvns": {
    "placeholder": "__PLACEHOLDER__xdstring-value_xmqx5te3v4tiqnxate4jnvns",
    "ct_id": "xmqx5te3v4tiqnxate4jnvns",
    "adapter_ctid": "xnwmgjqu2h4qkk08dv4mpzes",
    "element_name": "xdstring-value",
    "type": "XdString",
    "label": "arrestee_injury_description"
  },
  "x33ia6t45wd817z7av8fdov7": {
    "placeholder": "__PLACEHOLDER__xdstring-value_x33ia6t45wd817z7av8fdov7",
    "ct_id": "x33ia6t45wd817z7av8fdov7",
    "adapter_ctid": "ow3fuax7fkrunnpyl70x33nb",
    "element_name": "xdstring-value",
    "type": "XdString",
    "label": "evidence_description"
  },
  "c30d7j21ciqw0jd6f9lm1eet": {
    "placeholder": "__PLACEHOLDER__xdstring-value_c30d7j21ciqw0jd6f9lm1eet",
    "ct_id": "c30d7j21ciqw0jd6f9lm1eet",
    "adapter_ctid": "anhcbnyy0pp7gse5yf19vvmq",
    "element_name": "xdstring-value",
    "type": "XdString",
    "label": "officer_injury_description"
  },
  "oguaz42yrp6x7krhhels0483": {
    "placeholder": "__PLACEHOLDER__xdstring-value_oguaz42yrp6x7krhhels0483",
    "ct_id": "oguaz42yrp6x7krhhels0483",
    "adapter_ctid": "dvxuqfg4svffhjaozlclxw5p",
    "element_name": "xdstring-value",
    "type": "XdString",
    "label": "property_description"
  },
  "fhuiwz5znpgcfszlygdix4pm": {
    "placeholder": "__PLACEHOLDER__xdstring-value_fhuiwz5znpgcfszlygdix4pm",
    "ct_id": "fhuiwz5znpgcfszlygdix4pm",
    "adapter_ctid": "il5cggvlydzjf8zeqy9yg04g",
    "element_name": "xdstring-value",
    "type": "XdString",
    "label": "use_of_force_description"
  },
  "skma4dy0l1r9oi94v7pjb91q": {
    "placeholder": "__PLACEHOLDER__xdboolean-value_skma4dy0l1r9oi94v7pjb91q",
    "ct_id": "skma4dy0l1r9oi94v7pjb91q",
    "adapter_ctid": "pcq4ozmb6no8gwa8uknfkh4r",
    "element_name": "xdboolean-value",
    "type": "XdBoolean",
    "label": "arrestee_injured"
  },
  "g9r8orzw31b4mqdqcx3reqt8": {
    "placeholder": "__PLACEHOLDER__xdboolean-value_g9r8orzw31b4mqdqcx3reqt8",
    "ct_id": "g9r8orzw31b4mqdqcx3reqt8",
    "adapter_ctid": "wukm6fb3rubwfmmyedqmjs52",
    "element_name": "xdboolean-value",
    "type": "XdBoolean",
    "label": "evidence_collected"
  },
  "n7psw25eb9ui8ojafhxg92z1": {
    "placeholder": "__PLACEHOLDER__xdboolean-value_n7psw25eb9ui8ojafhxg92z1",
    "ct_id": "n7psw25eb9ui8ojafhxg92z1",
    "adapter_ctid": "crlnxmqgpxc7cprdzaluzq26",
    "element_name": "xdboolean-value",
    "type": "XdBoolean",
    "label": "officer_injured"
  },
  "vnun8rkf0srxh7ax2t5bgs7z": {
    "placeholder": "__PLACEHOLDER__xdboolean-value_vnun8rkf0srxh7ax2t5bgs7z",
    "ct_id": "vnun8rkf0srxh7ax2t5bgs7z",
    "adapter_ctid": "nu81f5datg4p2b9yxk4t69iu",
    "element_name": "xdboolean-value",
    "type": "XdBoolean",
    "label": "property_seized"
  },
  "l02dp50jxw1r9o00raqqjdz7": {
    "placeholder": "__PLACEHOLDER__xdboolean-value_l02dp50jxw1r9o00raqqjdz7",
    "ct_id": "l02dp50jxw1r9o00raqqjdz7",
    "adapter_ctid": "ve98uk2thr1ixb8288tvaudy",
    "element_name": "xdboolean-value",
    "type": "XdBoolean",
    "label": "use_of_force"
  },
  "cdzlsot916ztnesv6310b6ak": {
    "placeholder": "__PLACEHOLDER__xdstring-value_cdzlsot916ztnesv6310b6ak",
    "ct_id": "cdzlsot916ztnesv6310b6ak",
    "adapter_ctid": "d2zjjybvjnk1ussbpizr61po",
    "element_name": "xdstring-value",
    "type": "XdString",
    "label": "arrestee_ssn"
  },
  "r4ifdf4qpuox0xzoru2qafsg": {
    "placeholder": "__PLACEHOLDER__xdstring-value_r4ifdf4qpuox0xzoru2qafsg",
    "ct_id": "r4ifdf4qpuox0xzoru2qafsg",
    "adapter_ctid": "g2yjasvj7fa79c1l0o7i12j8",
    "element_name": "xdstring-value",
    "type": "XdString",
    "label": "officer_badge_number"
  },
  "aobwos900lslhm4nl3rm9gxt": {
    "placeholder": "__PLACEHOLDER__xdstring-value_aobwos900lslhm4nl3rm9gxt",
    "ct_id": "aobwos900lslhm4nl3rm9gxt",
    "adapter_ctid": "nxb79xx1203piyurqe2t0ki4",
    "element_name": "xdstring-value",
    "type": "XdString",
    "label": "officer_rank"
  },
  "krk1ygdvrcax66n113kldjgq": {
    "placeholder": "__PLACEHOLDER__xdstring-value_krk1ygdvrcax66n113kldjgq",
    "ct_id": "krk1ygdvrcax66n113kldjgq",
    "adapter_ctid": "rcqccgv44bw2f837dtzzrut0",
    "element_name": "xdstring-value",
    "type": "XdString",
    "label": "officer_unit"
  },
  "xc51rwq39a0g4f2bznoyck2e": {
    "placeholder": "__PLACEHOLDER__xdstring-value_xc51rwq39a0g4f2bznoyck2e",
    "ct_id": "xc51rwq39a0g4f2bznoyck2e",
    "adapter_ctid": "wzydn8lkhaqy56q19d0hqub2",
    "element_name": "xdstring-value",
    "type": "XdString",
    "label": "booking_facility"
  },
  "u7enae4kbugdtykv8vv6nbhp": {
    "placeholder": "__PLACEHOLDER__xdstring-value_u7enae4kbugdtykv8vv6nbhp",
    "ct_id": "u7enae4kbugdtykv8vv6nbhp",
    "adapter_ctid": "an0epvdo9am3wt3x47rpjg0t",
    "element_name": "xdstring-value",
    "type": "XdString",
    "label": "booking_number"
  },
  "k3rhuoiurmnlu9tabx0s7poz": {
    "placeholder": "__PLACEHOLDER__xdstring-value_k3rhuoiurmnlu9tabx0s7poz",
    "ct_id": "k3rhuoiurmnlu9tabx0s7poz",
    "adapter_ctid": "wcdbsv9rfjwvnoiylnmu169z",
    "element_name": "xdstring-value",
    "type": "XdString",
    "label": "prosecutor_assigned"
  },
  "hdzh6xy2tatfeiaf55c7ehi7": {
    "placeholder": "__PLACEHOLDER__xdstring-value_hdzh6xy2tatfeiaf55c7ehi7",
    "ct_id": "hdzh6xy2tatfeiaf55c7ehi7",
    "adapter_ctid": "pg0jr3gk4e0c01lny0hygfw6",
    "element_name": "xdstring-value",
    "type": "XdString",
    "label": "report_approved_by"
  },
  "nf5viu13xv0ke9ezr13cmoty": {
    "placeholder": "__PLACEHOLDER__xdstring-value_nf5viu13xv0ke9ezr13cmoty",
    "ct_id": "nf5viu13xv0ke9ezr13cmoty",
    "adapter_ctid": "mrwsyn96hqw8wwn9qah88qb2",
    "element_name": "xdstring-value",
    "type": "XdString",
    "label": "arrestee_statement"
  },
  "xx3l6wtck0j3b41bjeit067g": {
    "placeholder": "__PLACEHOLDER__xdstring-value_xx3l6wtck0j3b41bjeit067g",
    "ct_id": "xx3l6wtck0j3b41bjeit067g",
    "adapter_ctid": "vc0x145f2t2xsxnqnmuvw0ju",
    "element_name": "xdstring-value",
    "type": "XdString",
    "label": "arrest_narrative"
  },
  "xdainxbz3tamih28ffhb9tyd": {
    "placeholder": "__PLACEHOLDER__xdstring-value_xdainxbz3tamih28ffhb9tyd",
    "ct_id": "xdainxbz3tamih28ffhb9tyd",
    "adapter_ctid": "ehzf0jrahu815cv1ylqwbivf",
    "element_name": "xdstring-value",
    "type": "XdString",
    "label": "witness_names"
  },
  "blucy1tactg2ipb62vwwu7it": {
    "placeholder": "__PLACEHOLDER__xdstring-value_blucy1tactg2ipb62vwwu7it",
    "ct_id": "blucy1tactg2ipb62vwwu7it",
    "adapter_ctid": "pypg6b4iumm3rh86stnqguvp",
    "element_name": "xdstring-value",
    "type": "XdString",
    "label": "witness_statements"
  },
  "wlkueb59bowm0ejpsn1xwau4": {
    "placeholder": "__PLACEHOLDER__xdboolean-value_wlkueb59bowm0ejpsn1xwau4",
    "ct_id": "wlkueb59bowm0ejpsn1xwau4",
    "adapter_ctid": "icetiiyel2f84my8yqkhv1oc",
    "element_name": "xdboolean-value",
    "type": "XdBoolean",
    "label": "miranda_rights_given"
  },
  "jn72rjhgtjkpfyrr31w9x2vt": {
    "placeholder": "__PLACEHOLDER__xdcount-value_jn72rjhgtjkpfyrr31w9x2vt",
    "ct_id": "jn72rjhgtjkpfyrr31w9x2vt",
    "adapter_ctid": "n306nvjcmzb8j22xfhvoqn5h",
    "element_name": "xdcount-value",
    "type": "XdCount",
    "label": "charge_count"
  },
  "tjceigfxyycvkzg4jlwz1mm9": {
    "placeholder": "__PLACEHOLDER__xdstring-value_tjceigfxyycvkzg4jlwz1mm9",
    "ct_id": "tjceigfxyycvkzg4jlwz1mm9",
    "adapter_ctid": null,
    "element_name": "xdstring-value",
    "type": "XdString",
    "label": "charge_count_units"
  },
  "rtj3us5dh4j4vf8w9f031eh2": {
    "placeholder": "__PLACEHOLDER__xdboolean-value_rtj3us5dh4j4vf8w9f031eh2",
    "ct_id": "rtj3us5dh4j4vf8w9f031eh2",
    "adapter_ctid": "mplxae3f4pe6olkeccdmjxa8",
    "element_name": "xdboolean-value",
    "type": "XdBoolean",
    "label": "vehicle_involved"
  }
}