{
  "bu9e8u6dao89hu5ji7c40x2p": {
    "placeholder": "__PLACEHOLDER__xdstring-value_bu9e8u6dao89hu5ji7c40x2p",
    "ct_id": "bu9e8u6dao89hu5ji7c40x2p",
    "adapter_ctid": "nawn7xdvh1hgioqt1dpfs1jr",
    "element_name": "xdstring-value",
    "type": "XdString",
    "label": "arresting_agency_ori"
  },
  "voxb17jjea26bz52n98a0a8z": {
    "placeholder": "__PLACEHOLDER__xdstring-value_voxb17jjea26bz52n98a0a8z",
    "ct_id": "voxb17jjea26bz52n98a0a8z",
    "adapter_ctid": "tgujl43t1wh7x1ikbtzrxdrb",
    "element_name": "xdstring-value",
    "type": "XdString",
    "label": "arrest_report_number"
  },
  "r2nxzil97dhu4uivymvl3mlo": {
    "placeholder": "__PLACEHOLDER__xdcount-value_r2nxzil97dhu4uivymvl3mlo",
    "ct_id": "r2nxzil97dhu4uivymvl3mlo",
    "adapter_ctid": "sw8mzm50en2vlx4vjobj6xgc",
    "element_name": "xdcount-value",
    "type": "XdCount",
    "label": "additional_charge_count"
  },
  "zat92pwccmhmuj2ht594r07c": {
    "placeholder": "__PLACEHOLDER__xdstring-value_zat92pwccmhmuj2ht594r07c",
    "ct_id": "zat92pwccmhmuj2ht594r07c",
    "adapter_ctid": null,
    "element_name": "xdstring-value",
    "type": "XdString",
    "label": "additional_charge_count_units"
  },
  "xmqx5te3v4tiqnxate4jnvns": {
    "placeholder": "__PLACEHOLDER__xdstring-value_xmqx5te3v4tiqnxate4jnvns",
    "ct_id": "xmqx5te3v4tiqnxate4jnvns",
    "adapter_ctid": "h83mdrengzwb75kv2n4hgmwo",
    "element_name": "xdstring-value",
    "type": "XdString",
    "label": "arrestee_injury_description"
  },
  "x33ia6t45wd817z7av8fdov7": {
    "placeholder": "__PLACEHOLDER__xdstring-value_x33ia6t45wd817z7av8fdov7",
    "ct_id": "x33ia6t45wd817z7av8fdov7",
    "adapter_ctid": "l2quya36lmyf0p0g2ku2pnbv",
    "element_name": "xdstring-value",
    "type": "XdString",
    "label": "evidence_description"
  },
  "c30d7j21ciqw0jd6f9lm1eet": {
    "placeholder": "__PLACEHOLDER__xdstring-value_c30d7j21ciqw0jd6f9lm1eet",
    "ct_id": "c30d7j21ciqw0jd6f9lm1eet",
    "adapter_ctid": "p4unp8m8mlv6x0dcktqxjg0i",
    "element_name": "xdstring-value",
    "type": "XdString",
    "label": "officer_injury_description"
  },
  "oguaz42yrp6x7krhhels0483": {
    "placeholder": "__PLACEHOLDER__xdstring-value_oguaz42yrp6x7krhhels0483",
    "ct_id": "oguaz42yrp6x7krhhels0483",
    "adapter_ctid": "s05uhnf9oo47wslw73kuclz0",
    "element_name": "xdstring-value",
    "type": "XdString",
    "label": "property_description"
  },
  "fhuiwz5znpgcfszlygdix4pm": {
    "placeholder": "__PLACEHOLDER__xdstring-value_fhuiwz5znpgcfszlygdix4pm",
    "ct_id": "fhuiwz5znpgcfszlygdix4pm",
    "adapter_ctid": "ci0etge0gqc3yco7h3vmjj5e",
    "element_name": "xdstring-value",
    "type": "XdString",
    "label": "use_of_force_description"
  },
  "skma4dy0l1r9oi94v7pjb91q": {
    "placeholder": "__PLACEHOLDER__xdboolean-value_skma4dy0l1r9oi94v7pjb91q",
    "ct_id": "skma4dy0l1r9oi94v7pjb91q",
    "adapter_ctid": "iw1wrcumchkiwv2trwxbgpjm",
    "element_name": "xdboolean-value",
    "type": "XdBoolean",
    "label": "arrestee_injured"
  },
  "g9r8orzw31b4mqdqcx3reqt8": {
    "placeholder": "__PLACEHOLDER__xdboolean-value_g9r8orzw31b4mqdqcx3reqt8",
    "ct_id": "g9r8orzw31b4mqdqcx3reqt8",
    "adapter_ctid": "jma36zg4xahs5aaf0fhidvvm",
    "element_name": "xdboolean-value",
    "type": "XdBoolean",
    "label": "evidence_collected"
  },
  "n7psw25eb9ui8ojafhxg92z1": {
    "placeholder": "__PLACEHOLDER__xdboolean-value_n7psw25eb9ui8ojafhxg92z1",
    "ct_id": "n7psw25eb9ui8ojafhxg92z1",
    "adapter_ctid": "xltzl7ekiure22vycxra68zv",
    "element_name": "xdboolean-value",
    "type": "XdBoolean",
    "label": "officer_injured"
  },
  "vnun8rkf0srxh7ax2t5bgs7z": {
    "placeholder": "__PLACEHOLDER__xdboolean-value_vnun8rkf0srxh7ax2t5bgs7z",
    "ct_id": "vnun8rkf0srxh7ax2t5bgs7z",
    "adapter_ctid": "qviab19eanhtfyq777jhuox2",
    "element_name": "xdboolean-value",
    "type": "XdBoolean",
    "label": "property_seized"
  },
  "l02dp50jxw1r9o00raqqjdz7": {
    "placeholder": "__PLACEHOLDER__xdboolean-value_l02dp50jxw1r9o00raqqjdz7",
    "ct_id": "l02dp50jxw1r9o00raqqjdz7",
    "adapter_ctid": "y85hxzut8ge7di93bpphxyuu",
    "element_name": "xdboolean-value",
    "type": "XdBoolean",
    "label": "use_of_force"
  },
  "cdzlsot916ztnesv6310b6ak": {
    "placeholder": "__PLACEHOLDER__xdstring-value_cdzlsot916ztnesv6310b6ak",
    "ct_id": "cdzlsot916ztnesv6310b6ak",
    "adapter_ctid": "n3z1s92pxq5rigzj83fridq5",
    "element_name": "xdstring-value",
    "type": "XdString",
    "label": "arrestee_ssn"
  },
  "r4ifdf4qpuox0xzoru2qafsg": {
    "placeholder": "__PLACEHOLDER__xdstring-value_r4ifdf4qpuox0xzoru2qafsg",
    "ct_id": "r4ifdf4qpuox0xzoru2qafsg",
    "adapter_ctid": "e8vccbj8vcs83pdif79f1wpz",
    "element_name": "xdstring-value",
    "type": "XdString",
    "label": "officer_badge_number"
  },
  "aobwos900lslhm4nl3rm9gxt": {
    "placeholder": "__PLACEHOLDER__xdstring-value_aobwos900lslhm4nl3rm9gxt",
    "ct_id": "aobwos900lslhm4nl3rm9gxt",
    "adapter_ctid": "em3383iwj3rxr5pv8ctn8l59",
    "element_name": "xdstring-value",
    "type": "XdString",
    "label": "officer_rank"
  },
  "krk1ygdvrcax66n113kldjgq": {
    "placeholder": "__PLACEHOLDER__xdstring-value_krk1ygdvrcax66n113kldjgq",
    "ct_id": "krk1ygdvrcax66n113kldjgq",
    "adapter_ctid": "yc5aj6tan7h6yd6b9e4dsac9",
    "element_name": "xdstring-value",
    "type": "XdString",
    "label": "officer_unit"
  },
  "xc51rwq39a0g4f2bznoyck2e": {
    "placeholder": "__PLACEHOLDER__xdstring-value_xc51rwq39a0g4f2bznoyck2e",
    "ct_id": "xc51rwq39a0g4f2bznoyck2e",
    "adapter_ctid": "scex7yx7uyhdgaabbytvh7iv",
    "element_name": "xdstring-value",
    "type": "XdString",
    "label": "booking_facility"
  },
  "u7enae4kbugdtykv8vv6nbhp": {
    "placeholder": "__PLACEHOLDER__xdstring-value_u7enae4kbugdtykv8vv6nbhp",
    "ct_id": "u7enae4kbugdtykv8vv6nbhp",
    "adapter_ctid": "lzqwzacvomo3pdkqph4mwboc",
    "element_name": "xdstring-value",
    "type": "XdString",
    "label": "booking_number"
  },
  "k3rhuoiurmnlu9tabx0s7poz": {
    "placeholder": "__PLACEHOLDER__xdstring-value_k3rhuoiurmnlu9tabx0s7poz",
    "ct_id": "k3rhuoiurmnlu9tabx0s7poz",
    "adapter_ctid": "pwshlrodwzwdnx8f1ixsh9tj",
    "element_name": "xdstring-value",
    "type": "XdString",
    "label": "prosecutor_assigned"
  },
  "hdzh6xy2tatfeiaf55c7ehi7": {
    "placeholder": "__PLACEHOLDER__xdstring-value_hdzh6xy2tatfeiaf55c7ehi7",
    "ct_id": "hdzh6xy2tatfeiaf55c7ehi7",
    "adapter_ctid": "ctkqkqn9utmnlse6ypsqskf3",
    "element_name": "xdstring-value",
    "type": "XdString",
    "label": "report_approved_by"
  },
  "nf5viu13xv0ke9ezr13cmoty": {
    "placeholder": "__PLACEHOLDER__xdstring-value_nf5viu13xv0ke9ezr13cmoty",
    "ct_id": "nf5viu13xv0ke9ezr13cmoty",
    "adapter_ctid": "t2ze4b916ijobjejqy0h4vd9",
    "element_name": "xdstring-value",
    "type": "XdString",
    "label": "arrestee_statement"
  },
  "xx3l6wtck0j3b41bjeit067g": {
    "placeholder": "__PLACEHOLDER__xdstring-value_xx3l6wtck0j3b41bjeit067g",
    "ct_id": "xx3l6wtck0j3b41bjeit067g",
    "adapter_ctid": "vv4uucd0kgfjuxaouzki1wtb",
    "element_name": "xdstring-value",
    "type": "XdString",
    "label": "arrest_narrative"
  },
  "xdainxbz3tamih28ffhb9tyd": {
    "placeholder": "__PLACEHOLDER__xdstring-value_xdainxbz3tamih28ffhb9tyd",
    "ct_id": "xdainxbz3tamih28ffhb9tyd",
    "adapter_ctid": "spmdfjkge0k370432far89wf",
    "element_name": "xdstring-value",
    "type": "XdString",
    "label": "witness_names"
  },
  "blucy1tactg2ipb62vwwu7it": {
    "placeholder": "__PLACEHOLDER__xdstring-value_blucy1tactg2ipb62vwwu7it",
    "ct_id": "blucy1tactg2ipb62vwwu7it",
    "adapter_ctid": "f1uab1zsgvnsmuey8mjb5ge3",
    "element_name": "xdstring-value",
    "type": "XdString",
    "label": "witness_statements"
  },
  "wlkueb59bowm0ejpsn1xwau4": {
    "placeholder": "__PLACEHOLDER__xdboolean-value_wlkueb59bowm0ejpsn1xwau4",
    "ct_id": "wlkueb59bowm0ejpsn1xwau4",
    "adapter_ctid": "feu8fa9w2m30jeugj75vg7m7",
    "element_name": "xdboolean-value",
    "type": "XdBoolean",
    "label": "miranda_rights_given"
  },
  "jn72rjhgtjkpfyrr31w9x2vt": {
    "placeholder": "__PLACEHOLDER__xdcount-value_jn72rjhgtjkpfyrr31w9x2vt",
    "ct_id": "jn72rjhgtjkpfyrr31w9x2vt",
    "adapter_ctid": "epncsbug7pafgw6vjrprg87w",
    "element_name": "xdcount-value",
    "type": "XdCount",
    "label": "charge_count"
  },
  "tjceigfxyycvkzg4jlwz1mm9": {
    "placeholder": "__PLACEHOLDER__xdstring-value_tjceigfxyycvkzg4jlwz1mm9",
    "ct_id": "tjceigfxyycvkzg4jlwz1mm9",
    "adapter_ctid": null,
    "element_name": "xdstring-value",
    "type": "XdString",
    "label": "charge_count_units"
  },
  "rtj3us5dh4j4vf8w9f031eh2": {
    "placeholder": "__PLACEHOLDER__xdboolean-value_rtj3us5dh4j4vf8w9f031eh2",
    "ct_id": "rtj3us5dh4j4vf8w9f031eh2",
    "adapter_ctid": "hn116xsonlosvt5cneh06jeu",
    "element_name": "xdboolean-value",
    "type": "XdBoolean",
    "label": "vehicle_involved"
  }
}