{
  "wpr4jnsjhs6tt5bv7copozr5": {
    "placeholder": "__PLACEHOLDER__xdstring-value_wpr4jnsjhs6tt5bv7copozr5",
    "ct_id": "wpr4jnsjhs6tt5bv7copozr5",
    "adapter_ctid": "grz7to6dhpy1yzps79qnjv5j",
    "element_name": "xdstring-value",
    "type": "XdString",
    "label": "application_number"
  },
  "iii58fnwhch6u45afhevxdd1": {
    "placeholder": "__PLACEHOLDER__xdstring-value_iii58fnwhch6u45afhevxdd1",
    "ct_id": "iii58fnwhch6u45afhevxdd1",
    "adapter_ctid": "tx0rccp3x7g92tdublcrutqz",
    "element_name": "xdstring-value",
    "type": "XdString",
    "label": "consular_post"
  },
  "k31twaxgjtcwuvb9wxylh2li": {
    "placeholder": "__PLACEHOLDER__xdstring-value_k31twaxgjtcwuvb9wxylh2li",
    "ct_id": "k31twaxgjtcwuvb9wxylh2li",
    "adapter_ctid": "ci8b8keazvteg8jyl1dx670n",
    "element_name": "xdstring-value",
    "type": "XdString",
    "label": "current_state"
  },
  "hvu7g874vewzg3iabx5z4otp": {
    "placeholder": "__PLACEHOLDER__xdstring-value_hvu7g874vewzg3iabx5z4otp",
    "ct_id": "hvu7g874vewzg3iabx5z4otp",
    "adapter_ctid": "gn9t4hibtw09igbsznj73xiu",
    "element_name": "xdstring-value",
    "type": "XdString",
    "label": "educational_institution"
  },
  "h9rotcd83u1j8ax30x7zz772": {
    "placeholder": "__PLACEHOLDER__xdstring-value_h9rotcd83u1j8ax30x7zz772",
    "ct_id": "h9rotcd83u1j8ax30x7zz772",
    "adapter_ctid": "la2jp56cpzq8sqgytcqidz58",
    "element_name": "xdstring-value",
    "type": "XdString",
    "label": "field_of_study"
  },
  "d9ejtyplitibqe5ny1q1h7og": {
    "placeholder": "__PLACEHOLDER__xdcount-value_d9ejtyplitibqe5ny1q1h7og",
    "ct_id": "d9ejtyplitibqe5ny1q1h7og",
    "adapter_ctid": "xorc5n65qmilkbl219ht26b0",
    "element_name": "xdcount-value",
    "type": "XdCount",
    "label": "graduation_year"
  },
  "n1byqm3wvcm18z3eb231tmyr": {
    "placeholder": "__PLACEHOLDER__xdstring-value_n1byqm3wvcm18z3eb231tmyr",
    "ct_id": "n1byqm3wvcm18z3eb231tmyr",
    "adapter_ctid": null,
    "element_name": "xdstring-value",
    "type": "XdString",
    "label": "graduation_year_units"
  },
  "rybscwc2wgrbt1xdmmx7a7q2": {
    "placeholder": "__PLACEHOLDER__xdstring-value_rybscwc2wgrbt1xdmmx7a7q2",
    "ct_id": "rybscwc2wgrbt1xdmmx7a7q2",
    "adapter_ctid": "hprwlqlxv3mq15ytl1w6hr4q",
    "element_name": "xdstring-value",
    "type": "XdString",
    "label": "job_title"
  },
  "wvs1i63o9xuxh2xgq3po9kp3": {
    "placeholder": "__PLACEHOLDER__xdstring-value_wvs1i63o9xuxh2xgq3po9kp3",
    "ct_id": "wvs1i63o9xuxh2xgq3po9kp3",
    "adapter_ctid": "he4avnwltnyrkrqcbv93ev1v",
    "element_name": "xdstring-value",
    "type": "XdString",
    "label": "passport_number"
  },
  "k1gbg7jkvlmawu2ghf08duwy": {
    "placeholder": "__PLACEHOLDER__xdstring-value_k1gbg7jkvlmawu2ghf08duwy",
    "ct_id": "k1gbg7jkvlmawu2ghf08duwy",
    "adapter_ctid": "s8fwx0ca35vd58e5mwb6dl36",
    "element_name": "xdstring-value",
    "type": "XdString",
    "label": "previous_visa_number"
  },
  "xi13e7sl3p1e2tnqw64k218q": {
    "placeholder": "__PLACEHOLDER__xdstring-value_xi13e7sl3p1e2tnqw64k218q",
    "ct_id": "xi13e7sl3p1e2tnqw64k218q",
    "adapter_ctid": "fwodl2bgxgxb2m3xil2ky8s9",
    "element_name": "xdstring-value",
    "type": "XdString",
    "label": "previous_visa_type"
  },
  "t8pvff1mogjs74dxe4672v3y": {
    "placeholder": "__PLACEHOLDER__xdstring-value_t8pvff1mogjs74dxe4672v3y",
    "ct_id": "t8pvff1mogjs74dxe4672v3y",
    "adapter_ctid": "pby7342z6q7nz2x6rzcgzcu9",
    "element_name": "xdstring-value",
    "type": "XdString",
    "label": "visa_denial_explanation"
  },
  "ce9h2x5849id1msm9zth10dx": {
    "placeholder": "__PLACEHOLDER__xdboolean-value_ce9h2x5849id1msm9zth10dx",
    "ct_id": "ce9h2x5849id1msm9zth10dx",
    "adapter_ctid": "dxlysmh56zlx9tf3sl2w4v8h",
    "element_name": "xdboolean-value",
    "type": "XdBoolean",
    "label": "ever_denied_us_visa"
  },
  "q5h8ntij3vtqemxivgu4l6i4": {
    "placeholder": "__PLACEHOLDER__xdboolean-value_q5h8ntij3vtqemxivgu4l6i4",
    "ct_id": "q5h8ntij3vtqemxivgu4l6i4",
    "adapter_ctid": "nod4sx960hvuoz7bzgvu8qbh",
    "element_name": "xdboolean-value",
    "type": "XdBoolean",
    "label": "previously_visited_us"
  },
  "b9b0qfeshzcj6s8vrjsqwbsx": {
    "placeholder": "__PLACEHOLDER__xdboolean-value_b9b0qfeshzcj6s8vrjsqwbsx",
    "ct_id": "b9b0qfeshzcj6s8vrjsqwbsx",
    "adapter_ctid": "uk4ia4ya3jsgtk1jnx8q1ccr",
    "element_name": "xdboolean-value",
    "type": "XdBoolean",
    "label": "previous_visa_cancelled"
  },
  "wsv00b2g55ksgyrhrkrzhagq": {
    "placeholder": "__PLACEHOLDER__xdboolean-value_wsv00b2g55ksgyrhrkrzhagq",
    "ct_id": "wsv00b2g55ksgyrhrkrzhagq",
    "adapter_ctid": "e7cjpotbfdgzozhux8llh75m",
    "element_name": "xdboolean-value",
    "type": "XdBoolean",
    "label": "previous_visa_lost_or_stolen"
  },
  "i7liuksv6igqsbawgk7dx2rf": {
    "placeholder": "__PLACEHOLDER__xdstring-value_i7liuksv6igqsbawgk7dx2rf",
    "ct_id": "i7liuksv6igqsbawgk7dx2rf",
    "adapter_ctid": "mfes8ufvor3w4f664khjqqdd",
    "element_name": "xdstring-value",
    "type": "XdString",
    "label": "denial_reason"
  },
  "sdb12n7trq0j6x407ouv5xhb": {
    "placeholder": "__PLACEHOLDER__xdstring-value_sdb12n7trq0j6x407ouv5xhb",
    "ct_id": "sdb12n7trq0j6x407ouv5xhb",
    "adapter_ctid": "oicu2n5wtistg0gi8emtnndu",
    "element_name": "xdstring-value",
    "type": "XdString",
    "label": "interview_location"
  },
  "n3b57oqm5gsav76a6bm3ud6a": {
    "placeholder": "__PLACEHOLDER__xdstring-value_n3b57oqm5gsav76a6bm3ud6a",
    "ct_id": "n3b57oqm5gsav76a6bm3ud6a",
    "adapter_ctid": "r95exe49ambojlpdqzya6cto",
    "element_name": "xdstring-value",
    "type": "XdString",
    "label": "notes"
  },
  "jrorurs32xqyc1l4whxzosac": {
    "placeholder": "__PLACEHOLDER__xdstring-value_jrorurs32xqyc1l4whxzosac",
    "ct_id": "jrorurs32xqyc1l4whxzosac",
    "adapter_ctid": "imvz7wzyox6c8ve17khzvm4z",
    "element_name": "xdstring-value",
    "type": "XdString",
    "label": "visa_number"
  },
  "yghheyejw52m6duo70vxe5l5": {
    "placeholder": "__PLACEHOLDER__xdboolean-value_yghheyejw52m6duo70vxe5l5",
    "ct_id": "yghheyejw52m6duo70vxe5l5",
    "adapter_ctid": "hehg70rrimjsf78de5jc0uqm",
    "element_name": "xdboolean-value",
    "type": "XdBoolean",
    "label": "biometrics_collected"
  },
  "kcsrpl7dik9gx8c86b6svvp9": {
    "placeholder": "__PLACEHOLDER__xdboolean-value_kcsrpl7dik9gx8c86b6svvp9",
    "ct_id": "kcsrpl7dik9gx8c86b6svvp9",
    "adapter_ctid": "u89ipma70ol6osx7dj307d5y",
    "element_name": "xdboolean-value",
    "type": "XdBoolean",
    "label": "interview_scheduled"
  },
  "rz9pzgvt98wt9m7s5vx73i61": {
    "placeholder": "__PLACEHOLDER__xdstring-value_rz9pzgvt98wt9m7s5vx73i61",
    "ct_id": "rz9pzgvt98wt9m7s5vx73i61",
    "adapter_ctid": "yz667kevecne0s3ab9u2qj0t",
    "element_name": "xdstring-value",
    "type": "XdString",
    "label": "crime_description"
  },
  "mbr8ezvve9ylyqke3w6x8wjg": {
    "placeholder": "__PLACEHOLDER__xdstring-value_mbr8ezvve9ylyqke3w6x8wjg",
    "ct_id": "mbr8ezvve9ylyqke3w6x8wjg",
    "adapter_ctid": "yl9mjudzn2vl3ia81kfclicc",
    "element_name": "xdstring-value",
    "type": "XdString",
    "label": "deportation_explanation"
  },
  "mk1mys9dnu3tj69fb0fs3cbc": {
    "placeholder": "__PLACEHOLDER__xdboolean-value_mk1mys9dnu3tj69fb0fs3cbc",
    "ct_id": "mk1mys9dnu3tj69fb0fs3cbc",
    "adapter_ctid": "g9sgi6u1wxl1q2lrmtzpyyc2",
    "element_name": "xdboolean-value",
    "type": "XdBoolean",
    "label": "convicted_of_crime"
  },
  "ryiwbkfv8blfam0mg8jn0hfa": {
    "placeholder": "__PLACEHOLDER__xdboolean-value_ryiwbkfv8blfam0mg8jn0hfa",
    "ct_id": "ryiwbkfv8blfam0mg8jn0hfa",
    "adapter_ctid": "vcjgnxhyg1gqy6olezyqdc78",
    "element_name": "xdboolean-value",
    "type": "XdBoolean",
    "label": "drug_abuse_or_addiction"
  },
  "df4719wy580zbs9vfxuhxz3t": {
    "placeholder": "__PLACEHOLDER__xdboolean-value_df4719wy580zbs9vfxuhxz3t",
    "ct_id": "df4719wy580zbs9vfxuhxz3t",
    "adapter_ctid": "pr96tc0w4mut9iyk2r6oslld",
    "element_name": "xdboolean-value",
    "type": "XdBoolean",
    "label": "human_trafficking"
  },
  "kuf4kem8v27on4ubn70meyi7": {
    "placeholder": "__PLACEHOLDER__xdboolean-value_kuf4kem8v27on4ubn70meyi7",
    "ct_id": "kuf4kem8v27on4ubn70meyi7",
    "adapter_ctid": "m87mlayu0c6cn2jtj7tczvkp",
    "element_name": "xdboolean-value",
    "type": "XdBoolean",
    "label": "immigration_fraud"
  },
  "xodulqhnv0ywiw48xl96a35n": {
    "placeholder": "__PLACEHOLDER__xdboolean-value_xodulqhnv0ywiw48xl96a35n",
    "ct_id": "xodulqhnv0ywiw48xl96a35n",
    "adapter_ctid": "k3v812fec4ifqftcypbknqzr",
    "element_name": "xdboolean-value",
    "type": "XdBoolean",
    "label": "money_laundering"
  },
  "dvzvnuazsxawv8aeuslmwh1h": {
    "placeholder": "__PLACEHOLDER__xdboolean-value_dvzvnuazsxawv8aeuslmwh1h",
    "ct_id": "dvzvnuazsxawv8aeuslmwh1h",
    "adapter_ctid": "pf98qrddc6t3tcd3m1s7upgq",
    "element_name": "xdboolean-value",
    "type": "XdBoolean",
    "label": "overstayed_visa"
  },
  "hzob8nhfwxo3fdof2rshqdrx": {
    "placeholder": "__PLACEHOLDER__xdboolean-value_hzob8nhfwxo3fdof2rshqdrx",
    "ct_id": "hzob8nhfwxo3fdof2rshqdrx",
    "adapter_ctid": "c0g3qsis5trdlh1obal92ihs",
    "element_name": "xdboolean-value",
    "type": "XdBoolean",
    "label": "previously_deported"
  },
  "v8ylz6ikcl19obzo53bz0ej7": {
    "placeholder": "__PLACEHOLDER__xdboolean-value_v8ylz6ikcl19obzo53bz0ej7",
    "ct_id": "v8ylz6ikcl19obzo53bz0ej7",
    "adapter_ctid": "abdbd5e2osrm4m5ll47f3to1",
    "element_name": "xdboolean-value",
    "type": "XdBoolean",
    "label": "terrorist_activities"
  },
  "rc75xw6o8p0vq67iyileyyb2": {
    "placeholder": "__PLACEHOLDER__xdstring-value_rc75xw6o8p0vq67iyileyyb2",
    "ct_id": "rc75xw6o8p0vq67iyileyyb2",
    "adapter_ctid": "fwuz25lah9gjxr1kzm0r7xey",
    "element_name": "xdstring-value",
    "type": "XdString",
    "label": "additional_documents"
  },
  "a8xql62fofwwfmrb5tw7dyu2": {
    "placeholder": "__PLACEHOLDER__xdboolean-value_a8xql62fofwwfmrb5tw7dyu2",
    "ct_id": "a8xql62fofwwfmrb5tw7dyu2",
    "adapter_ctid": "blkhd97ksag2uzep99vy0xpb",
    "element_name": "xdboolean-value",
    "type": "XdBoolean",
    "label": "employment_letter_provided"
  },
  "x8ziyyrayvsrjohsd0b3jbl1": {
    "placeholder": "__PLACEHOLDER__xdboolean-value_x8ziyyrayvsrjohsd0b3jbl1",
    "ct_id": "x8ziyyrayvsrjohsd0b3jbl1",
    "adapter_ctid": "hjlg3jzt0j601f684spa4ea7",
    "element_name": "xdboolean-value",
    "type": "XdBoolean",
    "label": "financial_documents_provided"
  },
  "pcsw55aevbikedrhk07r8cq1": {
    "placeholder": "__PLACEHOLDER__xdboolean-value_pcsw55aevbikedrhk07r8cq1",
    "ct_id": "pcsw55aevbikedrhk07r8cq1",
    "adapter_ctid": "kdq7q9769amrcfzja49y1zej",
    "element_name": "xdboolean-value",
    "type": "XdBoolean",
    "label": "invitation_letter_provided"
  },
  "gp40vy1vgi80sfsiv3kfx3fd": {
    "placeholder": "__PLACEHOLDER__xdboolean-value_gp40vy1vgi80sfsiv3kfx3fd",
    "ct_id": "gp40vy1vgi80sfsiv3kfx3fd",
    "adapter_ctid": "c4jj8zlkvkql5c4p7ewcj1gg",
    "element_name": "xdboolean-value",
    "type": "XdBoolean",
    "label": "passport_photo_uploaded"
  },
  "c6vj2bi0dc5fzby7dcj3jdty": {
    "placeholder": "__PLACEHOLDER__xdboolean-value_c6vj2bi0dc5fzby7dcj3jdty",
    "ct_id": "c6vj2bi0dc5fzby7dcj3jdty",
    "adapter_ctid": "ba1skyzb8qa7pcars1qx3hml",
    "element_name": "xdboolean-value",
    "type": "XdBoolean",
    "label": "travel_itinerary_provided"
  },
  "gpvafomoshcz57i3yn7ovyzx": {
    "placeholder": "__PLACEHOLDER__xdstring-value_gpvafomoshcz57i3yn7ovyzx",
    "ct_id": "gpvafomoshcz57i3yn7ovyzx",
    "adapter_ctid": "oggcposma4rh57clkb9t7lhn",
    "element_name": "xdstring-value",
    "type": "XdString",
    "label": "purpose_description"
  },
  "x4ay8hioa27ryy7k4w1xqw6x": {
    "placeholder": "__PLACEHOLDER__xdstring-value_x4ay8hioa27ryy7k4w1xqw6x",
    "ct_id": "x4ay8hioa27ryy7k4w1xqw6x",
    "adapter_ctid": "m3mn0cp2y78kxc5n0kg9u89r",
    "element_name": "xdstring-value",
    "type": "XdString",
    "label": "us_contact_name"
  },
  "em7dgslizd85by38bqswo4t8": {
    "placeholder": "__PLACEHOLDER__xdstring-value_em7dgslizd85by38bqswo4t8",
    "ct_id": "em7dgslizd85by38bqswo4t8",
    "adapter_ctid": "g6sl0e4pqhcqzr2jsy4lxyo6",
    "element_name": "xdstring-value",
    "type": "XdString",
    "label": "us_contact_relationship"
  },
  "niruyr25uw7uy3v6067kmhmh": {
    "placeholder": "__PLACEHOLDER__xdcount-value_niruyr25uw7uy3v6067kmhmh",
    "ct_id": "niruyr25uw7uy3v6067kmhmh",
    "adapter_ctid": "sr2kz3b98mfok0rkul82tryf",
    "element_name": "xdcount-value",
    "type": "XdCount",
    "label": "intended_length_of_stay"
  },
  "rb1k6lgdlgdmjruwxmu732jx": {
    "placeholder": "__PLACEHOLDER__xdstring-value_rb1k6lgdlgdmjruwxmu732jx",
    "ct_id": "rb1k6lgdlgdmjruwxmu732jx",
    "adapter_ctid": null,
    "element_name": "xdstring-value",
    "type": "XdString",
    "label": "intended_length_of_stay_units"
  }
}