<?xml version="1.0" encoding="UTF-8"?>
<sdc4:dm-njvi3y45lasere3hr5506i54
  xmlns:xsi="http://www.w3.org/2001/XMLSchema-instance"
  xmlns:sdc4="https://semanticdatacharter.com/ns/sdc4/"
  xsi:schemaLocation="https://semanticdatacharter.com/ns/sdc4/ https://semanticdatacharter.com/dmlib/dm-njvi3y45lasere3hr5506i54.xsd">
  <dm-label>Visa Application</dm-label>
  <dm-language>en-US</dm-language>
  <dm-encoding>utf-8</dm-encoding>
  <creation_timestamp>__PLACEHOLDER__creation_timestamp</creation_timestamp>
  <instance_id>__PLACEHOLDER__instance_id</instance_id>
  <instance_version>__PLACEHOLDER__instance_version</instance_version>
  <current-state>__PLACEHOLDER__current-state</current-state>
  <sdc4:ms-l6141zadp47stzmq5b5gt5l6>
    <label>Visa Application</label>
    <sdc4:ms-grz7to6dhpy1yzps79qnjv5j>
      <sdc4:ms-wpr4jnsjhs6tt5bv7copozr5>
        <label>application_number</label>
        <act>__PLACEHOLDER__act_wpr4jnsjhs6tt5bv7copozr5</act>
        <ev-placeholder ct_id="wpr4jnsjhs6tt5bv7copozr5">__EV_PLACEHOLDER__wpr4jnsjhs6tt5bv7copozr5</ev-placeholder>
        <vtb>__PLACEHOLDER__vtb_wpr4jnsjhs6tt5bv7copozr5</vtb>
        <vte>__PLACEHOLDER__vte_wpr4jnsjhs6tt5bv7copozr5</vte>
        <tr>__PLACEHOLDER__tr_wpr4jnsjhs6tt5bv7copozr5</tr>
        <modified>__PLACEHOLDER__modified_wpr4jnsjhs6tt5bv7copozr5</modified>
        <latitude>__PLACEHOLDER__latitude_wpr4jnsjhs6tt5bv7copozr5</latitude>
        <longitude>__PLACEHOLDER__longitude_wpr4jnsjhs6tt5bv7copozr5</longitude>
        <xdstring-value>__PLACEHOLDER__xdstring-value_wpr4jnsjhs6tt5bv7copozr5</xdstring-value>
        <xdstring-language>__PLACEHOLDER__xdstring-language_wpr4jnsjhs6tt5bv7copozr5</xdstring-language>
      </sdc4:ms-wpr4jnsjhs6tt5bv7copozr5>
    </sdc4:ms-grz7to6dhpy1yzps79qnjv5j>
    <sdc4:ms-tx0rccp3x7g92tdublcrutqz>
      <sdc4:ms-iii58fnwhch6u45afhevxdd1>
        <label>consular_post</label>
        <act>__PLACEHOLDER__act_iii58fnwhch6u45afhevxdd1</act>
        <ev-placeholder ct_id="iii58fnwhch6u45afhevxdd1">__EV_PLACEHOLDER__iii58fnwhch6u45afhevxdd1</ev-placeholder>
        <vtb>__PLACEHOLDER__vtb_iii58fnwhch6u45afhevxdd1</vtb>
        <vte>__PLACEHOLDER__vte_iii58fnwhch6u45afhevxdd1</vte>
        <tr>__PLACEHOLDER__tr_iii58fnwhch6u45afhevxdd1</tr>
        <modified>__PLACEHOLDER__modified_iii58fnwhch6u45afhevxdd1</modified>
        <latitude>__PLACEHOLDER__latitude_iii58fnwhch6u45afhevxdd1</latitude>
        <longitude>__PLACEHOLDER__longitude_iii58fnwhch6u45afhevxdd1</longitude>
        <xdstring-value>__PLACEHOLDER__xdstring-value_iii58fnwhch6u45afhevxdd1</xdstring-value>
        <xdstring-language>__PLACEHOLDER__xdstring-language_iii58fnwhch6u45afhevxdd1</xdstring-language>
      </sdc4:ms-iii58fnwhch6u45afhevxdd1>
    </sdc4:ms-tx0rccp3x7g92tdublcrutqz>
    <sdc4:ms-nxk1hzmjmtnds4ndp1erbmuv>
      <sdc4:ms-y3ldaf19qldnwg1vhd5p6clh>
        <!-- Component structure not found -->
      </sdc4:ms-y3ldaf19qldnwg1vhd5p6clh>
    </sdc4:ms-nxk1hzmjmtnds4ndp1erbmuv>
    <sdc4:ms-a9at1l9l0h3c96nro5gn5iae>
      <sdc4:ms-duwdx7sy2e1sezyyhgp92885>
        <!-- Component structure not found -->
      </sdc4:ms-duwdx7sy2e1sezyyhgp92885>
    </sdc4:ms-a9at1l9l0h3c96nro5gn5iae>
  </sdc4:ms-l6141zadp47stzmq5b5gt5l6>
</sdc4:dm-njvi3y45lasere3hr5506i54>