{
  "@context": "https://semanticdatacharter.com/ns/sdc4/",
  "dm_id": "o4elmdzifsi9e0nakyfdm8l1",
  "dm_type": "dm-o4elmdzifsi9e0nakyfdm8l1",
  "metadata": {
    "dm_language": "en-US",
    "dm_label": "Arrest Report",
    "dm_encoding": "utf-8",
    "instance_id": "dm-o4elmdzifsi9e0nakyfdm8l1",
    "instance_version": "1.0",
    "creation_timestamp": "2025-12-09T22:04:58.643363",
    "current_state": ""
  },
  "data": {
    "component_id": "kjqd33vf12muyi8fzhfhxqxa",
    "label": "Arrest Report",
    "type": "Cluster",
    "description": "Cluster for Arrest Report",
    "items": [
      {
        "component_id": "bu9e8u6dao89hu5ji7c40x2p",
        "label": "arresting_agency_ori",
        "type": "XdString",
        "description": "Originating Agency Identifier (ORI) - 9-character NCIC agency code",
        "value": "DefaultString"
      },
      {
        "component_id": "voxb17jjea26bz52n98a0a8z",
        "label": "arrest_report_number",
        "type": "XdString",
        "description": "Unique identifier for this arrest report",
        "value": "DefaultString"
      }
    ]
  }
}