{
  "wpr4jnsjhs6tt5bv7copozr5": {
    "placeholder": "__PLACEHOLDER__xdstring-value_wpr4jnsjhs6tt5bv7copozr5",
    "ct_id": "wpr4jnsjhs6tt5bv7copozr5",
    "adapter_ctid": "m741oq0b61mr9x3c8yepynsb",
    "element_name": "xdstring-value",
    "type": "XdString",
    "label": "application_number"
  },
  "iii58fnwhch6u45afhevxdd1": {
    "placeholder": "__PLACEHOLDER__xdstring-value_iii58fnwhch6u45afhevxdd1",
    "ct_id": "iii58fnwhch6u45afhevxdd1",
    "adapter_ctid": "w70vxjzkj0hy4wxvfceq7yu0",
    "element_name": "xdstring-value",
    "type": "XdString",
    "label": "consular_post"
  },
  "k31twaxgjtcwuvb9wxylh2li": {
    "placeholder": "__PLACEHOLDER__xdstring-value_k31twaxgjtcwuvb9wxylh2li",
    "ct_id": "k31twaxgjtcwuvb9wxylh2li",
    "adapter_ctid": "yrkrb7o72nnpc1ubzlu7s6ct",
    "element_name": "xdstring-value",
    "type": "XdString",
    "label": "current_state"
  },
  "hvu7g874vewzg3iabx5z4otp": {
    "placeholder": "__PLACEHOLDER__xdstring-value_hvu7g874vewzg3iabx5z4otp",
    "ct_id": "hvu7g874vewzg3iabx5z4otp",
    "adapter_ctid": "t11nvetnl3f9kcp5zc7lfdug",
    "element_name": "xdstring-value",
    "type": "XdString",
    "label": "educational_institution"
  },
  "h9rotcd83u1j8ax30x7zz772": {
    "placeholder": "__PLACEHOLDER__xdstring-value_h9rotcd83u1j8ax30x7zz772",
    "ct_id": "h9rotcd83u1j8ax30x7zz772",
    "adapter_ctid": "own0sg3wp6k9g4qhjs3oo9ok",
    "element_name": "xdstring-value",
    "type": "XdString",
    "label": "field_of_study"
  },
  "d9ejtyplitibqe5ny1q1h7og": {
    "placeholder": "__PLACEHOLDER__xdcount-value_d9ejtyplitibqe5ny1q1h7og",
    "ct_id": "d9ejtyplitibqe5ny1q1h7og",
    "adapter_ctid": "xjbwep2jwj249pglepu1mhfu",
    "element_name": "xdcount-value",
    "type": "XdCount",
    "label": "graduation_year"
  },
  "n1byqm3wvcm18z3eb231tmyr": {
    "placeholder": "__PLACEHOLDER__xdstring-value_n1byqm3wvcm18z3eb231tmyr",
    "ct_id": "n1byqm3wvcm18z3eb231tmyr",
    "adapter_ctid": null,
    "element_name": "xdstring-value",
    "type": "XdString",
    "label": "graduation_year_units"
  },
  "rybscwc2wgrbt1xdmmx7a7q2": {
    "placeholder": "__PLACEHOLDER__xdstring-value_rybscwc2wgrbt1xdmmx7a7q2",
    "ct_id": "rybscwc2wgrbt1xdmmx7a7q2",
    "adapter_ctid": "ckiqd19ntc44losagnda9gei",
    "element_name": "xdstring-value",
    "type": "XdString",
    "label": "job_title"
  },
  "wvs1i63o9xuxh2xgq3po9kp3": {
    "placeholder": "__PLACEHOLDER__xdstring-value_wvs1i63o9xuxh2xgq3po9kp3",
    "ct_id": "wvs1i63o9xuxh2xgq3po9kp3",
    "adapter_ctid": "mvit7rs4r27vf9fe2jehcm18",
    "element_name": "xdstring-value",
    "type": "XdString",
    "label": "passport_number"
  },
  "k1gbg7jkvlmawu2ghf08duwy": {
    "placeholder": "__PLACEHOLDER__xdstring-value_k1gbg7jkvlmawu2ghf08duwy",
    "ct_id": "k1gbg7jkvlmawu2ghf08duwy",
    "adapter_ctid": "defmp9zgx7hwabnd6htg7dqm",
    "element_name": "xdstring-value",
    "type": "XdString",
    "label": "previous_visa_number"
  },
  "xi13e7sl3p1e2tnqw64k218q": {
    "placeholder": "__PLACEHOLDER__xdstring-value_xi13e7sl3p1e2tnqw64k218q",
    "ct_id": "xi13e7sl3p1e2tnqw64k218q",
    "adapter_ctid": "kwyvg8adpvd22qdh9eikl545",
    "element_name": "xdstring-value",
    "type": "XdString",
    "label": "previous_visa_type"
  },
  "t8pvff1mogjs74dxe4672v3y": {
    "placeholder": "__PLACEHOLDER__xdstring-value_t8pvff1mogjs74dxe4672v3y",
    "ct_id": "t8pvff1mogjs74dxe4672v3y",
    "adapter_ctid": "l3jt7rbv8ltp9e8h9gp4vyhj",
    "element_name": "xdstring-value",
    "type": "XdString",
    "label": "visa_denial_explanation"
  },
  "ce9h2x5849id1msm9zth10dx": {
    "placeholder": "__PLACEHOLDER__xdboolean-value_ce9h2x5849id1msm9zth10dx",
    "ct_id": "ce9h2x5849id1msm9zth10dx",
    "adapter_ctid": "topdljagzpdhfeq11qjeth58",
    "element_name": "xdboolean-value",
    "type": "XdBoolean",
    "label": "ever_denied_us_visa"
  },
  "q5h8ntij3vtqemxivgu4l6i4": {
    "placeholder": "__PLACEHOLDER__xdboolean-value_q5h8ntij3vtqemxivgu4l6i4",
    "ct_id": "q5h8ntij3vtqemxivgu4l6i4",
    "adapter_ctid": "ug63k8qvyu63ogeorkphl488",
    "element_name": "xdboolean-value",
    "type": "XdBoolean",
    "label": "previously_visited_us"
  },
  "b9b0qfeshzcj6s8vrjsqwbsx": {
    "placeholder": "__PLACEHOLDER__xdboolean-value_b9b0qfeshzcj6s8vrjsqwbsx",
    "ct_id": "b9b0qfeshzcj6s8vrjsqwbsx",
    "adapter_ctid": "cfdag7o71akfi16r4fhxweut",
    "element_name": "xdboolean-value",
    "type": "XdBoolean",
    "label": "previous_visa_cancelled"
  },
  "wsv00b2g55ksgyrhrkrzhagq": {
    "placeholder": "__PLACEHOLDER__xdboolean-value_wsv00b2g55ksgyrhrkrzhagq",
    "ct_id": "wsv00b2g55ksgyrhrkrzhagq",
    "adapter_ctid": "xt41qtk2ma7j5pjt9nt9mcno",
    "element_name": "xdboolean-value",
    "type": "XdBoolean",
    "label": "previous_visa_lost_or_stolen"
  },
  "i7liuksv6igqsbawgk7dx2rf": {
    "placeholder": "__PLACEHOLDER__xdstring-value_i7liuksv6igqsbawgk7dx2rf",
    "ct_id": "i7liuksv6igqsbawgk7dx2rf",
    "adapter_ctid": "dyqj8i2pd42r3lunh2vfbqf6",
    "element_name": "xdstring-value",
    "type": "XdString",
    "label": "denial_reason"
  },
  "sdb12n7trq0j6x407ouv5xhb": {
    "placeholder": "__PLACEHOLDER__xdstring-value_sdb12n7trq0j6x407ouv5xhb",
    "ct_id": "sdb12n7trq0j6x407ouv5xhb",
    "adapter_ctid": "spw538a9m0qc2o6yv69t9b9d",
    "element_name": "xdstring-value",
    "type": "XdString",
    "label": "interview_location"
  },
  "n3b57oqm5gsav76a6bm3ud6a": {
    "placeholder": "__PLACEHOLDER__xdstring-value_n3b57oqm5gsav76a6bm3ud6a",
    "ct_id": "n3b57oqm5gsav76a6bm3ud6a",
    "adapter_ctid": "zpr3ixp0clqnphm0xky06xau",
    "element_name": "xdstring-value",
    "type": "XdString",
    "label": "notes"
  },
  "jrorurs32xqyc1l4whxzosac": {
    "placeholder": "__PLACEHOLDER__xdstring-value_jrorurs32xqyc1l4whxzosac",
    "ct_id": "jrorurs32xqyc1l4whxzosac",
    "adapter_ctid": "yyf3e3cvit56hffmxxpphxw5",
    "element_name": "xdstring-value",
    "type": "XdString",
    "label": "visa_number"
  },
  "yghheyejw52m6duo70vxe5l5": {
    "placeholder": "__PLACEHOLDER__xdboolean-value_yghheyejw52m6duo70vxe5l5",
    "ct_id": "yghheyejw52m6duo70vxe5l5",
    "adapter_ctid": "sch3lsbvl280m6c3yc5snc2s",
    "element_name": "xdboolean-value",
    "type": "XdBoolean",
    "label": "biometrics_collected"
  },
  "kcsrpl7dik9gx8c86b6svvp9": {
    "placeholder": "__PLACEHOLDER__xdboolean-value_kcsrpl7dik9gx8c86b6svvp9",
    "ct_id": "kcsrpl7dik9gx8c86b6svvp9",
    "adapter_ctid": "qjncwtc9xo7rzqo4o4j1vohs",
    "element_name": "xdboolean-value",
    "type": "XdBoolean",
    "label": "interview_scheduled"
  },
  "rz9pzgvt98wt9m7s5vx73i61": {
    "placeholder": "__PLACEHOLDER__xdstring-value_rz9pzgvt98wt9m7s5vx73i61",
    "ct_id": "rz9pzgvt98wt9m7s5vx73i61",
    "adapter_ctid": "xo2bs891ayvjzxxu0lpq1lp9",
    "element_name": "xdstring-value",
    "type": "XdString",
    "label": "crime_description"
  },
  "mbr8ezvve9ylyqke3w6x8wjg": {
    "placeholder": "__PLACEHOLDER__xdstring-value_mbr8ezvve9ylyqke3w6x8wjg",
    "ct_id": "mbr8ezvve9ylyqke3w6x8wjg",
    "adapter_ctid": "g18l50fqsvxrf71c6ihrbqgg",
    "element_name": "xdstring-value",
    "type": "XdString",
    "label": "deportation_explanation"
  },
  "mk1mys9dnu3tj69fb0fs3cbc": {
    "placeholder": "__PLACEHOLDER__xdboolean-value_mk1mys9dnu3tj69fb0fs3cbc",
    "ct_id": "mk1mys9dnu3tj69fb0fs3cbc",
    "adapter_ctid": "xlfeu07y47y4cc42dya7bl9q",
    "element_name": "xdboolean-value",
    "type": "XdBoolean",
    "label": "convicted_of_crime"
  },
  "ryiwbkfv8blfam0mg8jn0hfa": {
    "placeholder": "__PLACEHOLDER__xdboolean-value_ryiwbkfv8blfam0mg8jn0hfa",
    "ct_id": "ryiwbkfv8blfam0mg8jn0hfa",
    "adapter_ctid": "sal1abzei5kim52g1thdmh90",
    "element_name": "xdboolean-value",
    "type": "XdBoolean",
    "label": "drug_abuse_or_addiction"
  },
  "df4719wy580zbs9vfxuhxz3t": {
    "placeholder": "__PLACEHOLDER__xdboolean-value_df4719wy580zbs9vfxuhxz3t",
    "ct_id": "df4719wy580zbs9vfxuhxz3t",
    "adapter_ctid": "nu0gty7i12svm472f7pmu534",
    "element_name": "xdboolean-value",
    "type": "XdBoolean",
    "label": "human_trafficking"
  },
  "kuf4kem8v27on4ubn70meyi7": {
    "placeholder": "__PLACEHOLDER__xdboolean-value_kuf4kem8v27on4ubn70meyi7",
    "ct_id": "kuf4kem8v27on4ubn70meyi7",
    "adapter_ctid": "yc32735ljz2yjx7ubtw1ibkl",
    "element_name": "xdboolean-value",
    "type": "XdBoolean",
    "label": "immigration_fraud"
  },
  "xodulqhnv0ywiw48xl96a35n": {
    "placeholder": "__PLACEHOLDER__xdboolean-value_xodulqhnv0ywiw48xl96a35n",
    "ct_id": "xodulqhnv0ywiw48xl96a35n",
    "adapter_ctid": "b57sxyuxczhsuy8hdr49nsi9",
    "element_name": "xdboolean-value",
    "type": "XdBoolean",
    "label": "money_laundering"
  },
  "dvzvnuazsxawv8aeuslmwh1h": {
    "placeholder": "__PLACEHOLDER__xdboolean-value_dvzvnuazsxawv8aeuslmwh1h",
    "ct_id": "dvzvnuazsxawv8aeuslmwh1h",
    "adapter_ctid": "n0jglqe3q3tfi0yqc53759be",
    "element_name": "xdboolean-value",
    "type": "XdBoolean",
    "label": "overstayed_visa"
  },
  "hzob8nhfwxo3fdof2rshqdrx": {
    "placeholder": "__PLACEHOLDER__xdboolean-value_hzob8nhfwxo3fdof2rshqdrx",
    "ct_id": "hzob8nhfwxo3fdof2rshqdrx",
    "adapter_ctid": "ys7gsaingw8xj2c40x7gdmf5",
    "element_name": "xdboolean-value",
    "type": "XdBoolean",
    "label": "previously_deported"
  },
  "v8ylz6ikcl19obzo53bz0ej7": {
    "placeholder": "__PLACEHOLDER__xdboolean-value_v8ylz6ikcl19obzo53bz0ej7",
    "ct_id": "v8ylz6ikcl19obzo53bz0ej7",
    "adapter_ctid": "zyrwrxin0q289hhioh1u5yeu",
    "element_name": "xdboolean-value",
    "type": "XdBoolean",
    "label": "terrorist_activities"
  },
  "rc75xw6o8p0vq67iyileyyb2": {
    "placeholder": "__PLACEHOLDER__xdstring-value_rc75xw6o8p0vq67iyileyyb2",
    "ct_id": "rc75xw6o8p0vq67iyileyyb2",
    "adapter_ctid": "mob65felx68s2byymy7rf56s",
    "element_name": "xdstring-value",
    "type": "XdString",
    "label": "additional_documents"
  },
  "a8xql62fofwwfmrb5tw7dyu2": {
    "placeholder": "__PLACEHOLDER__xdboolean-value_a8xql62fofwwfmrb5tw7dyu2",
    "ct_id": "a8xql62fofwwfmrb5tw7dyu2",
    "adapter_ctid": "v3nd9kgyh0xwveykv4ojhlk1",
    "element_name": "xdboolean-value",
    "type": "XdBoolean",
    "label": "employment_letter_provided"
  },
  "x8ziyyrayvsrjohsd0b3jbl1": {
    "placeholder": "__PLACEHOLDER__xdboolean-value_x8ziyyrayvsrjohsd0b3jbl1",
    "ct_id": "x8ziyyrayvsrjohsd0b3jbl1",
    "adapter_ctid": "s7hokg1n9gllfmywnc27su9s",
    "element_name": "xdboolean-value",
    "type": "XdBoolean",
    "label": "financial_documents_provided"
  },
  "pcsw55aevbikedrhk07r8cq1": {
    "placeholder": "__PLACEHOLDER__xdboolean-value_pcsw55aevbikedrhk07r8cq1",
    "ct_id": "pcsw55aevbikedrhk07r8cq1",
    "adapter_ctid": "h0twq0uzhnrs3meydrq5umuy",
    "element_name": "xdboolean-value",
    "type": "XdBoolean",
    "label": "invitation_letter_provided"
  },
  "gp40vy1vgi80sfsiv3kfx3fd": {
    "placeholder": "__PLACEHOLDER__xdboolean-value_gp40vy1vgi80sfsiv3kfx3fd",
    "ct_id": "gp40vy1vgi80sfsiv3kfx3fd",
    "adapter_ctid": "o5vuwwsexaihfkhlrrxppw62",
    "element_name": "xdboolean-value",
    "type": "XdBoolean",
    "label": "passport_photo_uploaded"
  },
  "c6vj2bi0dc5fzby7dcj3jdty": {
    "placeholder": "__PLACEHOLDER__xdboolean-value_c6vj2bi0dc5fzby7dcj3jdty",
    "ct_id": "c6vj2bi0dc5fzby7dcj3jdty",
    "adapter_ctid": "ima25e00mvcagujhcu1a27i2",
    "element_name": "xdboolean-value",
    "type": "XdBoolean",
    "label": "travel_itinerary_provided"
  },
  "gpvafomoshcz57i3yn7ovyzx": {
    "placeholder": "__PLACEHOLDER__xdstring-value_gpvafomoshcz57i3yn7ovyzx",
    "ct_id": "gpvafomoshcz57i3yn7ovyzx",
    "adapter_ctid": "hl4eg9o1dy9zl0hnt7v83kvg",
    "element_name": "xdstring-value",
    "type": "XdString",
    "label": "purpose_description"
  },
  "x4ay8hioa27ryy7k4w1xqw6x": {
    "placeholder": "__PLACEHOLDER__xdstring-value_x4ay8hioa27ryy7k4w1xqw6x",
    "ct_id": "x4ay8hioa27ryy7k4w1xqw6x",
    "adapter_ctid": "l6xgjoqrsm2nc14oc26sz5k3",
    "element_name": "xdstring-value",
    "type": "XdString",
    "label": "us_contact_name"
  },
  "em7dgslizd85by38bqswo4t8": {
    "placeholder": "__PLACEHOLDER__xdstring-value_em7dgslizd85by38bqswo4t8",
    "ct_id": "em7dgslizd85by38bqswo4t8",
    "adapter_ctid": "wkem8med729h27z64bhoaxy3",
    "element_name": "xdstring-value",
    "type": "XdString",
    "label": "us_contact_relationship"
  },
  "niruyr25uw7uy3v6067kmhmh": {
    "placeholder": "__PLACEHOLDER__xdcount-value_niruyr25uw7uy3v6067kmhmh",
    "ct_id": "niruyr25uw7uy3v6067kmhmh",
    "adapter_ctid": "r6r7yvpfkaq7sjdj82c5q6ir",
    "element_name": "xdcount-value",
    "type": "XdCount",
    "label": "intended_length_of_stay"
  },
  "rb1k6lgdlgdmjruwxmu732jx": {
    "placeholder": "__PLACEHOLDER__xdstring-value_rb1k6lgdlgdmjruwxmu732jx",
    "ct_id": "rb1k6lgdlgdmjruwxmu732jx",
    "adapter_ctid": null,
    "element_name": "xdstring-value",
    "type": "XdString",
    "label": "intended_length_of_stay_units"
  }
}