{
  "sprl6f8oamq5uiwdaan5xamw": {
    "placeholder": "__PLACEHOLDER__xdstring-value_sprl6f8oamq5uiwdaan5xamw",
    "ct_id": "sprl6f8oamq5uiwdaan5xamw",
    "adapter_ctid": "eha2daqjce106d4rf4jh99wx",
    "element_name": "xdstring-value",
    "type": "XdString",
    "label": "incident_report_number"
  },
  "i8dtr4e9eg81b5ox512tgmqi": {
    "placeholder": "__PLACEHOLDER__xdstring-value_i8dtr4e9eg81b5ox512tgmqi",
    "ct_id": "i8dtr4e9eg81b5ox512tgmqi",
    "adapter_ctid": "npvwjtbz34dn451skp97ceuu",
    "element_name": "xdstring-value",
    "type": "XdString",
    "label": "reporting_agency_ori"
  },
  "x33ia6t45wd817z7av8fdov7": {
    "placeholder": "__PLACEHOLDER__xdstring-value_x33ia6t45wd817z7av8fdov7",
    "ct_id": "x33ia6t45wd817z7av8fdov7",
    "adapter_ctid": "v0zpgqze3ofrqd2dnrqcd3to",
    "element_name": "xdstring-value",
    "type": "XdString",
    "label": "evidence_description"
  },
  "gz6hpe9c3npbncc2d3esydh2": {
    "placeholder": "__PLACEHOLDER__xdstring-value_gz6hpe9c3npbncc2d3esydh2",
    "ct_id": "gz6hpe9c3npbncc2d3esydh2",
    "adapter_ctid": "e8acy4mn7cyxbt73123od9bw",
    "element_name": "xdstring-value",
    "type": "XdString",
    "label": "incident_narrative"
  },
  "rsk73affz4pew6lbgwz1gx48": {
    "placeholder": "__PLACEHOLDER__xdstring-value_rsk73affz4pew6lbgwz1gx48",
    "ct_id": "rsk73affz4pew6lbgwz1gx48",
    "adapter_ctid": "hqjgjyxdkgnalcah69u0rvqf",
    "element_name": "xdstring-value",
    "type": "XdString",
    "label": "incident_summary"
  },
  "kkkb5ecy80fgfqc9slsj8ayd": {
    "placeholder": "__PLACEHOLDER__xdstring-value_kkkb5ecy80fgfqc9slsj8ayd",
    "ct_id": "kkkb5ecy80fgfqc9slsj8ayd",
    "adapter_ctid": "it7pv2m8k13u9y7eef67ibs1",
    "element_name": "xdstring-value",
    "type": "XdString",
    "label": "officer_actions_taken"
  },
  "g9r8orzw31b4mqdqcx3reqt8": {
    "placeholder": "__PLACEHOLDER__xdboolean-value_g9r8orzw31b4mqdqcx3reqt8",
    "ct_id": "g9r8orzw31b4mqdqcx3reqt8",
    "adapter_ctid": "qawdiiirgbllgr0qruc94ug7",
    "element_name": "xdboolean-value",
    "type": "XdBoolean",
    "label": "evidence_collected"
  },
  "pdn4ztc074za294176qhuun8": {
    "placeholder": "__PLACEHOLDER__xdboolean-value_pdn4ztc074za294176qhuun8",
    "ct_id": "pdn4ztc074za294176qhuun8",
    "adapter_ctid": "xyhxdp23pegccyx4idvraq1m",
    "element_name": "xdboolean-value",
    "type": "XdBoolean",
    "label": "photos_taken"
  },
  "bk0ahihnu0vwf5j7kniidydf": {
    "placeholder": "__PLACEHOLDER__xdcount-value_bk0ahihnu0vwf5j7kniidydf",
    "ct_id": "bk0ahihnu0vwf5j7kniidydf",
    "adapter_ctid": "lnp7iq2i1po6k5mr7hh8cnhc",
    "element_name": "xdcount-value",
    "type": "XdCount",
    "label": "number_of_photos"
  },
  "djmoc7daetgua8jwvxbb7ey7": {
    "placeholder": "__PLACEHOLDER__xdstring-value_djmoc7daetgua8jwvxbb7ey7",
    "ct_id": "djmoc7daetgua8jwvxbb7ey7",
    "adapter_ctid": null,
    "element_name": "xdstring-value",
    "type": "XdString",
    "label": "number_of_photos_units"
  },
  "oguaz42yrp6x7krhhels0483": {
    "placeholder": "__PLACEHOLDER__xdstring-value_oguaz42yrp6x7krhhels0483",
    "ct_id": "oguaz42yrp6x7krhhels0483",
    "adapter_ctid": "aeze3uevtn9rzbrxg6o667ze",
    "element_name": "xdstring-value",
    "type": "XdString",
    "label": "property_description"
  },
  "ockfjeotclwn8e7g6xhnvpmx": {
    "placeholder": "__PLACEHOLDER__xdstring-value_ockfjeotclwn8e7g6xhnvpmx",
    "ct_id": "ockfjeotclwn8e7g6xhnvpmx",
    "adapter_ctid": "btm48bs3lncwvkswtyrx5omm",
    "element_name": "xdstring-value",
    "type": "XdString",
    "label": "serial_number"
  },
  "r4ifdf4qpuox0xzoru2qafsg": {
    "placeholder": "__PLACEHOLDER__xdstring-value_r4ifdf4qpuox0xzoru2qafsg",
    "ct_id": "r4ifdf4qpuox0xzoru2qafsg",
    "adapter_ctid": "njhnobm69u8omo4defntn04j",
    "element_name": "xdstring-value",
    "type": "XdString",
    "label": "officer_badge_number"
  },
  "aobwos900lslhm4nl3rm9gxt": {
    "placeholder": "__PLACEHOLDER__xdstring-value_aobwos900lslhm4nl3rm9gxt",
    "ct_id": "aobwos900lslhm4nl3rm9gxt",
    "adapter_ctid": "v29u7esxhr4fbhh3kmxzduzr",
    "element_name": "xdstring-value",
    "type": "XdString",
    "label": "officer_rank"
  },
  "juldsr7rvllmnb1inco1rjno": {
    "placeholder": "__PLACEHOLDER__xdstring-value_juldsr7rvllmnb1inco1rjno",
    "ct_id": "juldsr7rvllmnb1inco1rjno",
    "adapter_ctid": "w31fjqd19b1nv8sykks32n34",
    "element_name": "xdstring-value",
    "type": "XdString",
    "label": "approved_by"
  },
  "bae5ll6vycsj38u7qn4kqkds": {
    "placeholder": "__PLACEHOLDER__xdstring-value_bae5ll6vycsj38u7qn4kqkds",
    "ct_id": "bae5ll6vycsj38u7qn4kqkds",
    "adapter_ctid": "pr10s0v5muyyljhbq9nbjplm",
    "element_name": "xdstring-value",
    "type": "XdString",
    "label": "supervisor_reviewed_by"
  },
  "vvpendi2oxq5zoysk6hukyjh": {
    "placeholder": "__PLACEHOLDER__xdstring-value_vvpendi2oxq5zoysk6hukyjh",
    "ct_id": "vvpendi2oxq5zoysk6hukyjh",
    "adapter_ctid": "aglbuvm5lsese8oiz8i35dku",
    "element_name": "xdstring-value",
    "type": "XdString",
    "label": "witness_statement"
  }
}