<?xml version="1.0" encoding="UTF-8"?>
<sdc4:dm-bfxf11qy2jwuxagmb2md4vds
  xmlns:xsi="http://www.w3.org/2001/XMLSchema-instance"
  xmlns:sdc4="https://semanticdatacharter.com/ns/sdc4/"
  xsi:schemaLocation="https://semanticdatacharter.com/ns/sdc4/ https://semanticdatacharter.com/dmlib/dm-bfxf11qy2jwuxagmb2md4vds.xsd">
  <dm-label>Incident Report</dm-label>
  <dm-language>en-US</dm-language>
  <dm-encoding>utf-8</dm-encoding>
  <creation_timestamp>__PLACEHOLDER__creation_timestamp</creation_timestamp>
  <instance_id>__PLACEHOLDER__instance_id</instance_id>
  <instance_version>__PLACEHOLDER__instance_version</instance_version>
  <current-state>__PLACEHOLDER__current-state</current-state>
  <sdc4:ms-dvu55wg988hixpru2wex1l8q>
    <label>Incident Report</label>
    <sdc4:ms-eha2daqjce106d4rf4jh99wx>
      <sdc4:ms-sprl6f8oamq5uiwdaan5xamw>
        <label>incident_report_number</label>
        <act>__PLACEHOLDER__act_sprl6f8oamq5uiwdaan5xamw</act>
        <ev-placeholder ct_id="sprl6f8oamq5uiwdaan5xamw">__EV_PLACEHOLDER__sprl6f8oamq5uiwdaan5xamw</ev-placeholder>
        <vtb>__PLACEHOLDER__vtb_sprl6f8oamq5uiwdaan5xamw</vtb>
        <vte>__PLACEHOLDER__vte_sprl6f8oamq5uiwdaan5xamw</vte>
        <tr>__PLACEHOLDER__tr_sprl6f8oamq5uiwdaan5xamw</tr>
        <modified>__PLACEHOLDER__modified_sprl6f8oamq5uiwdaan5xamw</modified>
        <latitude>__PLACEHOLDER__latitude_sprl6f8oamq5uiwdaan5xamw</latitude>
        <longitude>__PLACEHOLDER__longitude_sprl6f8oamq5uiwdaan5xamw</longitude>
        <xdstring-value>__PLACEHOLDER__xdstring-value_sprl6f8oamq5uiwdaan5xamw</xdstring-value>
        <xdstring-language>__PLACEHOLDER__xdstring-language_sprl6f8oamq5uiwdaan5xamw</xdstring-language>
      </sdc4:ms-sprl6f8oamq5uiwdaan5xamw>
    </sdc4:ms-eha2daqjce106d4rf4jh99wx>
    <sdc4:ms-npvwjtbz34dn451skp97ceuu>
      <sdc4:ms-i8dtr4e9eg81b5ox512tgmqi>
        <label>reporting_agency_ori</label>
        <act>__PLACEHOLDER__act_i8dtr4e9eg81b5ox512tgmqi</act>
        <ev-placeholder ct_id="i8dtr4e9eg81b5ox512tgmqi">__EV_PLACEHOLDER__i8dtr4e9eg81b5ox512tgmqi</ev-placeholder>
        <vtb>__PLACEHOLDER__vtb_i8dtr4e9eg81b5ox512tgmqi</vtb>
        <vte>__PLACEHOLDER__vte_i8dtr4e9eg81b5ox512tgmqi</vte>
        <tr>__PLACEHOLDER__tr_i8dtr4e9eg81b5ox512tgmqi</tr>
        <modified>__PLACEHOLDER__modified_i8dtr4e9eg81b5ox512tgmqi</modified>
        <latitude>__PLACEHOLDER__latitude_i8dtr4e9eg81b5ox512tgmqi</latitude>
        <longitude>__PLACEHOLDER__longitude_i8dtr4e9eg81b5ox512tgmqi</longitude>
        <xdstring-value>__PLACEHOLDER__xdstring-value_i8dtr4e9eg81b5ox512tgmqi</xdstring-value>
        <xdstring-language>__PLACEHOLDER__xdstring-language_i8dtr4e9eg81b5ox512tgmqi</xdstring-language>
      </sdc4:ms-i8dtr4e9eg81b5ox512tgmqi>
    </sdc4:ms-npvwjtbz34dn451skp97ceuu>
  </sdc4:ms-dvu55wg988hixpru2wex1l8q>
</sdc4:dm-bfxf11qy2jwuxagmb2md4vds>