{
  "njnfg7l4t3drhgqfmguov8sh": {
    "placeholder": "__PLACEHOLDER__xdstring-value_njnfg7l4t3drhgqfmguov8sh",
    "ct_id": "njnfg7l4t3drhgqfmguov8sh",
    "adapter_ctid": "dr57rs72q3gbdmzsq99dqvhz",
    "element_name": "xdstring-value",
    "type": "XdString",
    "label": "arrival_report_number"
  },
  "mtlg3n3rbkg01q0x3aqp1uat": {
    "placeholder": "__PLACEHOLDER__xdstring-value_mtlg3n3rbkg01q0x3aqp1uat",
    "ct_id": "mtlg3n3rbkg01q0x3aqp1uat",
    "adapter_ctid": "zb9nf2riqq95zykzfj8xqjsy",
    "element_name": "xdstring-value",
    "type": "XdString",
    "label": "berth_assignment"
  },
  "w8ocba1a03xcxdog0a7ufg26": {
    "placeholder": "__PLACEHOLDER__xdstring-value_w8ocba1a03xcxdog0a7ufg26",
    "ct_id": "w8ocba1a03xcxdog0a7ufg26",
    "adapter_ctid": "o8vr0yr6tbfh68hqhxujr4mz",
    "element_name": "xdstring-value",
    "type": "XdString",
    "label": "port_of_arrival_code"
  },
  "oh05xy9yws8te3zauk2vc2nf": {
    "placeholder": "__PLACEHOLDER__xdstring-value_oh05xy9yws8te3zauk2vc2nf",
    "ct_id": "oh05xy9yws8te3zauk2vc2nf",
    "adapter_ctid": "m9t7viuqhclkd68mdnyyv83r",
    "element_name": "xdstring-value",
    "type": "XdString",
    "label": "port_of_arrival_name"
  },
  "yud4t8v8vvoqvxqkcsnyetpo": {
    "placeholder": "__PLACEHOLDER__xdboolean-value_yud4t8v8vvoqvxqkcsnyetpo",
    "ct_id": "yud4t8v8vvoqvxqkcsnyetpo",
    "adapter_ctid": "qamfpuyy3r4uvnt8chmj0kid",
    "element_name": "xdboolean-value",
    "type": "XdBoolean",
    "label": "pilot_required"
  },
  "nx6i3c37h7f9s3paly8j7m0z": {
    "placeholder": "__PLACEHOLDER__xdboolean-value_nx6i3c37h7f9s3paly8j7m0z",
    "ct_id": "nx6i3c37h7f9s3paly8j7m0z",
    "adapter_ctid": "lgd4amf0rvahgejvkh3h2g84",
    "element_name": "xdboolean-value",
    "type": "XdBoolean",
    "label": "tug_assistance_required"
  },
  "zaall58ahgfu3kcdurgvrc1g": {
    "placeholder": "__PLACEHOLDER__xdstring-value_zaall58ahgfu3kcdurgvrc1g",
    "ct_id": "zaall58ahgfu3kcdurgvrc1g",
    "adapter_ctid": "ajkvdkbt77ct4hvv818a3llz",
    "element_name": "xdstring-value",
    "type": "XdString",
    "label": "hazmat_class"
  },
  "sf7dlc3b6iwz7c5hand1sjno": {
    "placeholder": "__PLACEHOLDER__xdboolean-value_sf7dlc3b6iwz7c5hand1sjno",
    "ct_id": "sf7dlc3b6iwz7c5hand1sjno",
    "adapter_ctid": "qj42fabhae3vukvjikabclrm",
    "element_name": "xdboolean-value",
    "type": "XdBoolean",
    "label": "cargo_on_board"
  },
  "n7knw8vo8jljwd1ci5ussfut": {
    "placeholder": "__PLACEHOLDER__xdboolean-value_n7knw8vo8jljwd1ci5ussfut",
    "ct_id": "n7knw8vo8jljwd1ci5ussfut",
    "adapter_ctid": "yh5t1o953gjzxt4maacfa3y9",
    "element_name": "xdboolean-value",
    "type": "XdBoolean",
    "label": "hazardous_cargo"
  },
  "i5rgl2ys7x8x7jdgpstd8tdj": {
    "placeholder": "__PLACEHOLDER__xdcount-value_i5rgl2ys7x8x7jdgpstd8tdj",
    "ct_id": "i5rgl2ys7x8x7jdgpstd8tdj",
    "adapter_ctid": "vi8s6rlb9x3envh5xn036651",
    "element_name": "xdcount-value",
    "type": "XdCount",
    "label": "total_teu_containers"
  },
  "trwuxxxafmqy3w9bw26pelug": {
    "placeholder": "__PLACEHOLDER__xdstring-value_trwuxxxafmqy3w9bw26pelug",
    "ct_id": "trwuxxxafmqy3w9bw26pelug",
    "adapter_ctid": null,
    "element_name": "xdstring-value",
    "type": "XdString",
    "label": "total_teu_containers_units"
  },
  "yd7llyun2ro0e3s0abe3ep15": {
    "placeholder": "__PLACEHOLDER__xdquantity-value_yd7llyun2ro0e3s0abe3ep15",
    "ct_id": "yd7llyun2ro0e3s0abe3ep15",
    "adapter_ctid": "xxt2fv8v2oqqa7l1t7wgxpmx",
    "element_name": "xdquantity-value",
    "type": "XdQuantity",
    "label": "total_cargo_weight"
  },
  "ia6me3y8vucgi3kihpgrp5o2": {
    "placeholder": "__PLACEHOLDER__xdstring-value_ia6me3y8vucgi3kihpgrp5o2",
    "ct_id": "ia6me3y8vucgi3kihpgrp5o2",
    "adapter_ctid": null,
    "element_name": "xdstring-value",
    "type": "XdString",
    "label": "total_cargo_weight_units"
  },
  "g0ooil4z6vt33au279g9z83v": {
    "placeholder": "__PLACEHOLDER__xdtemporal-value_g0ooil4z6vt33au279g9z83v",
    "ct_id": "g0ooil4z6vt33au279g9z83v",
    "adapter_ctid": "p84xndyirt226qj5qkvpnbnj",
    "element_name": "xdtemporal-value",
    "type": "XdTemporal",
    "label": "cargo_manifest_attached"
  },
  "etgtddux0mljl4eotsadqo35": {
    "placeholder": "__PLACEHOLDER__xdstring-value_etgtddux0mljl4eotsadqo35",
    "ct_id": "etgtddux0mljl4eotsadqo35",
    "adapter_ctid": "o1k8rrnqa7rvuzkvf7ay0ff8",
    "element_name": "xdstring-value",
    "type": "XdString",
    "label": "certificate_expiration_warnings"
  },
  "xl4oafxqutv8g7fkh0maxa41": {
    "placeholder": "__PLACEHOLDER__xdboolean-value_xl4oafxqutv8g7fkh0maxa41",
    "ct_id": "xl4oafxqutv8g7fkh0maxa41",
    "adapter_ctid": "qvwjv3rqdis4kqsl0qfvy8o4",
    "element_name": "xdboolean-value",
    "type": "XdBoolean",
    "label": "insurance_certificate"
  },
  "eqga0d9nm062m8spcfvtzfss": {
    "placeholder": "__PLACEHOLDER__xdboolean-value_eqga0d9nm062m8spcfvtzfss",
    "ct_id": "eqga0d9nm062m8spcfvtzfss",
    "adapter_ctid": "azz2wzaeezdz95s8lpjw9jxs",
    "element_name": "xdboolean-value",
    "type": "XdBoolean",
    "label": "international_tonnage_certificate"
  },
  "yxnp5c4j15oxiu2568u406o4": {
    "placeholder": "__PLACEHOLDER__xdboolean-value_yxnp5c4j15oxiu2568u406o4",
    "ct_id": "yxnp5c4j15oxiu2568u406o4",
    "adapter_ctid": "vtspujbuabdh06ykkilipbqm",
    "element_name": "xdboolean-value",
    "type": "XdBoolean",
    "label": "load_line_certificate"
  },
  "yyzf4q5l1l4bix2z5514k841": {
    "placeholder": "__PLACEHOLDER__xdboolean-value_yyzf4q5l1l4bix2z5514k841",
    "ct_id": "yyzf4q5l1l4bix2z5514k841",
    "adapter_ctid": "polldog47658pync5k3lo1ro",
    "element_name": "xdboolean-value",
    "type": "XdBoolean",
    "label": "safety_equipment_certificate"
  },
  "nxzza3wjmgtzisbfdwf1ohqo": {
    "placeholder": "__PLACEHOLDER__xdboolean-value_nxzza3wjmgtzisbfdwf1ohqo",
    "ct_id": "nxzza3wjmgtzisbfdwf1ohqo",
    "adapter_ctid": "icfaibnw0gsww9fkru3n6w9l",
    "element_name": "xdboolean-value",
    "type": "XdBoolean",
    "label": "vessel_certificate_of_registry"
  },
  "q4s2qtkfiag1s83q5c06k48g": {
    "placeholder": "__PLACEHOLDER__xdstring-value_q4s2qtkfiag1s83q5c06k48g",
    "ct_id": "q4s2qtkfiag1s83q5c06k48g",
    "adapter_ctid": "zp6vlll5s9h3rmv0uluwg5h0",
    "element_name": "xdstring-value",
    "type": "XdString",
    "label": "crew_nationalities"
  },
  "k7oyehzwuhitf7a9m92f4bm1": {
    "placeholder": "__PLACEHOLDER__xdcount-value_k7oyehzwuhitf7a9m92f4bm1",
    "ct_id": "k7oyehzwuhitf7a9m92f4bm1",
    "adapter_ctid": "aayuttg9ynp8bfcedu14afdp",
    "element_name": "xdcount-value",
    "type": "XdCount",
    "label": "crew_count"
  },
  "r3vx9bxcu6pqu0crl88ue0uo": {
    "placeholder": "__PLACEHOLDER__xdstring-value_r3vx9bxcu6pqu0crl88ue0uo",
    "ct_id": "r3vx9bxcu6pqu0crl88ue0uo",
    "adapter_ctid": null,
    "element_name": "xdstring-value",
    "type": "XdString",
    "label": "crew_count_units"
  },
  "orddibgmbasvmcqhp15wnyhp": {
    "placeholder": "__PLACEHOLDER__xdcount-value_orddibgmbasvmcqhp15wnyhp",
    "ct_id": "orddibgmbasvmcqhp15wnyhp",
    "adapter_ctid": "ihe86nrimhk2trte4atcn9ob",
    "element_name": "xdcount-value",
    "type": "XdCount",
    "label": "officers_count"
  },
  "eoniyaiyi9vynhnvopl4l2zo": {
    "placeholder": "__PLACEHOLDER__xdstring-value_eoniyaiyi9vynhnvopl4l2zo",
    "ct_id": "eoniyaiyi9vynhnvopl4l2zo",
    "adapter_ctid": null,
    "element_name": "xdstring-value",
    "type": "XdString",
    "label": "officers_count_units"
  },
  "nt1d47672a7uapqcqh2l0f3j": {
    "placeholder": "__PLACEHOLDER__xdcount-value_nt1d47672a7uapqcqh2l0f3j",
    "ct_id": "nt1d47672a7uapqcqh2l0f3j",
    "adapter_ctid": "u2lang00s52witrnec60r0pa",
    "element_name": "xdcount-value",
    "type": "XdCount",
    "label": "total_crew_count"
  },
  "p15hu59g3wyughkg2lhei70x": {
    "placeholder": "__PLACEHOLDER__xdstring-value_p15hu59g3wyughkg2lhei70x",
    "ct_id": "p15hu59g3wyughkg2lhei70x",
    "adapter_ctid": null,
    "element_name": "xdstring-value",
    "type": "XdString",
    "label": "total_crew_count_units"
  },
  "ovnuq2ea4qu5zpc66jft3sxp": {
    "placeholder": "__PLACEHOLDER__xdtemporal-value_ovnuq2ea4qu5zpc66jft3sxp",
    "ct_id": "ovnuq2ea4qu5zpc66jft3sxp",
    "adapter_ctid": "qkpctps3yrur8bj3zf48wm8u",
    "element_name": "xdtemporal-value",
    "type": "XdTemporal",
    "label": "crew_list_attached"
  },
  "r4ll0ve5gr6ud54depkbx1zs": {
    "placeholder": "__PLACEHOLDER__xdstring-value_r4ll0ve5gr6ud54depkbx1zs",
    "ct_id": "r4ll0ve5gr6ud54depkbx1zs",
    "adapter_ctid": "qdp3a0agw5npl4912o2embww",
    "element_name": "xdstring-value",
    "type": "XdString",
    "label": "customs_reference_number"
  },
  "fvukrulidrdi7mj4tejiveq6": {
    "placeholder": "__PLACEHOLDER__xdboolean-value_fvukrulidrdi7mj4tejiveq6",
    "ct_id": "fvukrulidrdi7mj4tejiveq6",
    "adapter_ctid": "cd27phivjmh7tnwtp4bpztlu",
    "element_name": "xdboolean-value",
    "type": "XdBoolean",
    "label": "crew_shore_leave_requested"
  },
  "yyqmys66xpwfkgcudilamh5c": {
    "placeholder": "__PLACEHOLDER__xdboolean-value_yyqmys66xpwfkgcudilamh5c",
    "ct_id": "yyqmys66xpwfkgcudilamh5c",
    "adapter_ctid": "raktoggyx9p83v88qy7ajqbo",
    "element_name": "xdboolean-value",
    "type": "XdBoolean",
    "label": "crew_visa_required"
  },
  "eabl4iwik4fv8k8hwx86vf83": {
    "placeholder": "__PLACEHOLDER__xdboolean-value_eabl4iwik4fv8k8hwx86vf83",
    "ct_id": "eabl4iwik4fv8k8hwx86vf83",
    "adapter_ctid": "s3druhxv87zxmlgpegwtbihk",
    "element_name": "xdboolean-value",
    "type": "XdBoolean",
    "label": "customs_declaration_filed"
  },
  "d22eh898fdj2puymd8sroyqk": {
    "placeholder": "__PLACEHOLDER__xdboolean-value_d22eh898fdj2puymd8sroyqk",
    "ct_id": "d22eh898fdj2puymd8sroyqk",
    "adapter_ctid": "psh79h73gc6hcexhsncgswy8",
    "element_name": "xdboolean-value",
    "type": "XdBoolean",
    "label": "immigration_inspection_required"
  },
  "lzhykf27odg38x9lx4g3wf5k": {
    "placeholder": "__PLACEHOLDER__xdstring-value_lzhykf27odg38x9lx4g3wf5k",
    "ct_id": "lzhykf27odg38x9lx4g3wf5k",
    "adapter_ctid": "ymw9k22mx9s9sv1xpmwcvpgf",
    "element_name": "xdstring-value",
    "type": "XdString",
    "label": "waste_type"
  },
  "jjv2ga919m9l07vi0yjvvlmd": {
    "placeholder": "__PLACEHOLDER__xdboolean-value_jjv2ga919m9l07vi0yjvvlmd",
    "ct_id": "jjv2ga919m9l07vi0yjvvlmd",
    "adapter_ctid": "expecxd9gssooxauavf44p6o",
    "element_name": "xdboolean-value",
    "type": "XdBoolean",
    "label": "ballast_water_exchange_required"
  },
  "hd3bbupm526c8hvsddke0qy5": {
    "placeholder": "__PLACEHOLDER__xdboolean-value_hd3bbupm526c8hvsddke0qy5",
    "ct_id": "hd3bbupm526c8hvsddke0qy5",
    "adapter_ctid": "vkdojvm27x8kann19w7k1kru",
    "element_name": "xdboolean-value",
    "type": "XdBoolean",
    "label": "ballast_water_management_plan"
  },
  "em779yvjscw65nnu29i4rh5b": {
    "placeholder": "__PLACEHOLDER__xdboolean-value_em779yvjscw65nnu29i4rh5b",
    "ct_id": "em779yvjscw65nnu29i4rh5b",
    "adapter_ctid": "ddp9nzabww92z9ewywylghum",
    "element_name": "xdboolean-value",
    "type": "XdBoolean",
    "label": "sulfur_content_compliant"
  },
  "fn6pzj8edunvew70ecgfx9of": {
    "placeholder": "__PLACEHOLDER__xdboolean-value_fn6pzj8edunvew70ecgfx9of",
    "ct_id": "fn6pzj8edunvew70ecgfx9of",
    "adapter_ctid": "mkvm0nu5m5mgnx0jusoe7erq",
    "element_name": "xdboolean-value",
    "type": "XdBoolean",
    "label": "waste_discharge_required"
  },
  "xsaqeyat3sup39ssd9splpdi": {
    "placeholder": "__PLACEHOLDER__xdstring-value_xsaqeyat3sup39ssd9splpdi",
    "ct_id": "xsaqeyat3sup39ssd9splpdi",
    "adapter_ctid": "d7xo875bso8w62u0s9xp01zs",
    "element_name": "xdstring-value",
    "type": "XdString",
    "label": "illness_description"
  },
  "sw0ys56teu8nrcen9o9rtqrm": {
    "placeholder": "__PLACEHOLDER__xdstring-value_sw0ys56teu8nrcen9o9rtqrm",
    "ct_id": "sw0ys56teu8nrcen9o9rtqrm",
    "adapter_ctid": "hri9b5zka3hvxunig6y9zzub",
    "element_name": "xdstring-value",
    "type": "XdString",
    "label": "last_10_ports"
  },
  "q96nqizq3wz1ynsb0gsw2rcn": {
    "placeholder": "__PLACEHOLDER__xdstring-value_q96nqizq3wz1ynsb0gsw2rcn",
    "ct_id": "q96nqizq3wz1ynsb0gsw2rcn",
    "adapter_ctid": "j0bo5e24x22uqrepeabtqbgx",
    "element_name": "xdstring-value",
    "type": "XdString",
    "label": "security_incident_description"
  },
  "b78ac7m9og9jy6tghcmkpi9d": {
    "placeholder": "__PLACEHOLDER__xdboolean-value_b78ac7m9og9jy6tghcmkpi9d",
    "ct_id": "b78ac7m9og9jy6tghcmkpi9d",
    "adapter_ctid": "t8iparazd1h9uhkh0cnrva1b",
    "element_name": "xdboolean-value",
    "type": "XdBoolean",
    "label": "death_on_board"
  },
  "glmcqz23hw2y8724isfvq1my": {
    "placeholder": "__PLACEHOLDER__xdboolean-value_glmcqz23hw2y8724isfvq1my",
    "ct_id": "glmcqz23hw2y8724isfvq1my",
    "adapter_ctid": "ipijzimzucjzix80ngco2qrj",
    "element_name": "xdboolean-value",
    "type": "XdBoolean",
    "label": "illness_on_board"
  },
  "j80kawa8xdxavrnhzmr3kswx": {
    "placeholder": "__PLACEHOLDER__xdboolean-value_j80kawa8xdxavrnhzmr3kswx",
    "ct_id": "j80kawa8xdxavrnhzmr3kswx",
    "adapter_ctid": "thyld1fvvavfelz906dzed4k",
    "element_name": "xdboolean-value",
    "type": "XdBoolean",
    "label": "maritime_declaration_of_health"
  },
  "vwxj6jeb7xtlm9sn3jqr687m": {
    "placeholder": "__PLACEHOLDER__xdboolean-value_vwxj6jeb7xtlm9sn3jqr687m",
    "ct_id": "vwxj6jeb7xtlm9sn3jqr687m",
    "adapter_ctid": "is6u7swcr8pl6socrnrg15va",
    "element_name": "xdboolean-value",
    "type": "XdBoolean",
    "label": "medical_assistance_required"
  },
  "l1h10mofz1jiqtjr96fpuvzw": {
    "placeholder": "__PLACEHOLDER__xdboolean-value_l1h10mofz1jiqtjr96fpuvzw",
    "ct_id": "l1h10mofz1jiqtjr96fpuvzw",
    "adapter_ctid": "h1ooaaol7s1iwz1jqoflvjjf",
    "element_name": "xdboolean-value",
    "type": "XdBoolean",
    "label": "security_incident_during_voyage"
  },
  "eqfmwk1w1px666blxx4rp32k": {
    "placeholder": "__PLACEHOLDER__xdboolean-value_eqfmwk1w1px666blxx4rp32k",
    "ct_id": "eqfmwk1w1px666blxx4rp32k",
    "adapter_ctid": "mjys934b8a47rlf5ovr8i65b",
    "element_name": "xdboolean-value",
    "type": "XdBoolean",
    "label": "stowaway_on_board"
  },
  "vlmkuu69jp2ci3gxrtqyxeu2": {
    "placeholder": "__PLACEHOLDER__xdboolean-value_vlmkuu69jp2ci3gxrtqyxeu2",
    "ct_id": "vlmkuu69jp2ci3gxrtqyxeu2",
    "adapter_ctid": "x94r79kelqv0t34ayzwc8vxp",
    "element_name": "xdboolean-value",
    "type": "XdBoolean",
    "label": "passengers_on_board"
  },
  "qjz4rbr8u0glm6yobozicejn": {
    "placeholder": "__PLACEHOLDER__xdcount-value_qjz4rbr8u0glm6yobozicejn",
    "ct_id": "qjz4rbr8u0glm6yobozicejn",
    "adapter_ctid": "ljj4ewjwabjwzxiqeu86txm4",
    "element_name": "xdcount-value",
    "type": "XdCount",
    "label": "total_passenger_count"
  },
  "au3cfc4ht60xl0hdrwsqvzz6": {
    "placeholder": "__PLACEHOLDER__xdstring-value_au3cfc4ht60xl0hdrwsqvzz6",
    "ct_id": "au3cfc4ht60xl0hdrwsqvzz6",
    "adapter_ctid": null,
    "element_name": "xdstring-value",
    "type": "XdString",
    "label": "total_passenger_count_units"
  },
  "k8a0tnk5dnkx9ddhjv2hbhov": {
    "placeholder": "__PLACEHOLDER__xdtemporal-value_k8a0tnk5dnkx9ddhjv2hbhov",
    "ct_id": "k8a0tnk5dnkx9ddhjv2hbhov",
    "adapter_ctid": "i69suecg3sfpolqenqghq9iu",
    "element_name": "xdtemporal-value",
    "type": "XdTemporal",
    "label": "passenger_list_attached"
  },
  "uq5oybjr82wkvhox0n6julqi": {
    "placeholder": "__PLACEHOLDER__xdboolean-value_uq5oybjr82wkvhox0n6julqi",
    "ct_id": "uq5oybjr82wkvhox0n6julqi",
    "adapter_ctid": "kfgeudrzhepzm3euoq0d5hl0",
    "element_name": "xdboolean-value",
    "type": "XdBoolean",
    "label": "bunkering_required"
  },
  "yelln5726pdcf5a5e3brqgwf": {
    "placeholder": "__PLACEHOLDER__xdboolean-value_yelln5726pdcf5a5e3brqgwf",
    "ct_id": "yelln5726pdcf5a5e3brqgwf",
    "adapter_ctid": "nxopczhq4l7uleekgmb7aeml",
    "element_name": "xdboolean-value",
    "type": "XdBoolean",
    "label": "mooring_service_required"
  },
  "mtg5735xn8j4ofpm6k0znzqp": {
    "placeholder": "__PLACEHOLDER__xdboolean-value_mtg5735xn8j4ofpm6k0znzqp",
    "ct_id": "mtg5735xn8j4ofpm6k0znzqp",
    "adapter_ctid": "dq9zv156g98ze0qcnixng8ik",
    "element_name": "xdboolean-value",
    "type": "XdBoolean",
    "label": "pilotage_required"
  },
  "hqqbduwkpyho882cy4b61zy8": {
    "placeholder": "__PLACEHOLDER__xdboolean-value_hqqbduwkpyho882cy4b61zy8",
    "ct_id": "hqqbduwkpyho882cy4b61zy8",
    "adapter_ctid": "hbna8u1n2e6ooy9quh2nnp9m",
    "element_name": "xdboolean-value",
    "type": "XdBoolean",
    "label": "provisions_required"
  },
  "xvll1gqupfdqdc9f48mqktrp": {
    "placeholder": "__PLACEHOLDER__xdboolean-value_xvll1gqupfdqdc9f48mqktrp",
    "ct_id": "xvll1gqupfdqdc9f48mqktrp",
    "adapter_ctid": "dmosc1cisveylaygucs4ons4",
    "element_name": "xdboolean-value",
    "type": "XdBoolean",
    "label": "repairs_required"
  },
  "hmmr7l8p367lgr1jr6w4ple2": {
    "placeholder": "__PLACEHOLDER__xdboolean-value_hmmr7l8p367lgr1jr6w4ple2",
    "ct_id": "hmmr7l8p367lgr1jr6w4ple2",
    "adapter_ctid": "o6imcmsq6lxtb1jzazwtme70",
    "element_name": "xdboolean-value",
    "type": "XdBoolean",
    "label": "stevedore_service_required"
  },
  "i95vg6vymnjyqaq0bjjzxt5m": {
    "placeholder": "__PLACEHOLDER__xdboolean-value_i95vg6vymnjyqaq0bjjzxt5m",
    "ct_id": "i95vg6vymnjyqaq0bjjzxt5m",
    "adapter_ctid": "afy0tvyvsxkqtnh8oksak49b",
    "element_name": "xdboolean-value",
    "type": "XdBoolean",
    "label": "tug_required"
  },
  "ga2kz9b4sodbkil75p3zornp": {
    "placeholder": "__PLACEHOLDER__xdboolean-value_ga2kz9b4sodbkil75p3zornp",
    "ct_id": "ga2kz9b4sodbkil75p3zornp",
    "adapter_ctid": "w7drdkavuid8enufq1k374bj",
    "element_name": "xdboolean-value",
    "type": "XdBoolean",
    "label": "waste_removal_required"
  },
  "myk5wsmctundd36owkvzzvji": {
    "placeholder": "__PLACEHOLDER__xdcount-value_myk5wsmctundd36owkvzzvji",
    "ct_id": "myk5wsmctundd36owkvzzvji",
    "adapter_ctid": "wz38beetay1kusug7ikm8m2p",
    "element_name": "xdcount-value",
    "type": "XdCount",
    "label": "number_of_tugs"
  },
  "i9eyy16d14n3f9wvyeeomed7": {
    "placeholder": "__PLACEHOLDER__xdstring-value_i9eyy16d14n3f9wvyeeomed7",
    "ct_id": "i9eyy16d14n3f9wvyeeomed7",
    "adapter_ctid": null,
    "element_name": "xdstring-value",
    "type": "XdString",
    "label": "number_of_tugs_units"
  },
  "k26gc5yy2ua8vdg2y2j3umhr": {
    "placeholder": "__PLACEHOLDER__xdstring-value_k26gc5yy2ua8vdg2y2j3umhr",
    "ct_id": "k26gc5yy2ua8vdg2y2j3umhr",
    "adapter_ctid": "s8z7wmm1ekzokmgf0ithytrm",
    "element_name": "xdstring-value",
    "type": "XdString",
    "label": "actual_berth_assignment"
  },
  "juldsr7rvllmnb1inco1rjno": {
    "placeholder": "__PLACEHOLDER__xdstring-value_juldsr7rvllmnb1inco1rjno",
    "ct_id": "juldsr7rvllmnb1inco1rjno",
    "adapter_ctid": "dz6wnoyfx4pet31v3hj74rmu",
    "element_name": "xdstring-value",
    "type": "XdString",
    "label": "approved_by"
  },
  "ongqczdxfe2la4lppei3pila": {
    "placeholder": "__PLACEHOLDER__xdstring-value_ongqczdxfe2la4lppei3pila",
    "ct_id": "ongqczdxfe2la4lppei3pila",
    "adapter_ctid": "juzluoixwsbq7uc70r04469s",
    "element_name": "xdstring-value",
    "type": "XdString",
    "label": "conditions_or_restrictions"
  },
  "n3b57oqm5gsav76a6bm3ud6a": {
    "placeholder": "__PLACEHOLDER__xdstring-value_n3b57oqm5gsav76a6bm3ud6a",
    "ct_id": "n3b57oqm5gsav76a6bm3ud6a",
    "adapter_ctid": "zyg79dzvh6ygsug787tqslok",
    "element_name": "xdstring-value",
    "type": "XdString",
    "label": "notes"
  },
  "a07e8az00e5uzrycndpbemia": {
    "placeholder": "__PLACEHOLDER__xdboolean-value_a07e8az00e5uzrycndpbemia",
    "ct_id": "a07e8az00e5uzrycndpbemia",
    "adapter_ctid": "rfdh80ej87qg4epkv7nsm9pf",
    "element_name": "xdboolean-value",
    "type": "XdBoolean",
    "label": "arrival_approved"
  },
  "o4j4xp3ohlj8oz6mq88wjmn4": {
    "placeholder": "__PLACEHOLDER__xdstring-value_o4j4xp3ohlj8oz6mq88wjmn4",
    "ct_id": "o4j4xp3ohlj8oz6mq88wjmn4",
    "adapter_ctid": "nvvb58ho2z8ci0d1rd59hcwo",
    "element_name": "xdstring-value",
    "type": "XdString",
    "label": "vessel_call_sign"
  },
  "vcztbwg0kbiosrumwg8l9app": {
    "placeholder": "__PLACEHOLDER__xdstring-value_vcztbwg0kbiosrumwg8l9app",
    "ct_id": "vcztbwg0kbiosrumwg8l9app",
    "adapter_ctid": "fb9fy3xc1v2k0t4cfxnnkjz0",
    "element_name": "xdstring-value",
    "type": "XdString",
    "label": "vessel_imo_number"
  },
  "vfhefznb0lrplrytp6kz13nd": {
    "placeholder": "__PLACEHOLDER__xdstring-value_vfhefznb0lrplrytp6kz13nd",
    "ct_id": "vfhefznb0lrplrytp6kz13nd",
    "adapter_ctid": "jp06cyt4ov05g995c0qicxty",
    "element_name": "xdstring-value",
    "type": "XdString",
    "label": "vessel_mmsi"
  },
  "uir1chsemww9w39g5o15h858": {
    "placeholder": "__PLACEHOLDER__xdstring-value_uir1chsemww9w39g5o15h858",
    "ct_id": "uir1chsemww9w39g5o15h858",
    "adapter_ctid": "o6hye4hfjqjbww5vj04pfebh",
    "element_name": "xdstring-value",
    "type": "XdString",
    "label": "vessel_name"
  },
  "x0w3ab7dfzaqixy8z7uak0oy": {
    "placeholder": "__PLACEHOLDER__xdcount-value_x0w3ab7dfzaqixy8z7uak0oy",
    "ct_id": "x0w3ab7dfzaqixy8z7uak0oy",
    "adapter_ctid": "o5ge6ae5drcj0kubyhvtu0p9",
    "element_name": "xdcount-value",
    "type": "XdCount",
    "label": "vessel_year_built"
  },
  "m7w7z6dynwbvesue3unvrz6w": {
    "placeholder": "__PLACEHOLDER__xdstring-value_m7w7z6dynwbvesue3unvrz6w",
    "ct_id": "m7w7z6dynwbvesue3unvrz6w",
    "adapter_ctid": null,
    "element_name": "xdstring-value",
    "type": "XdString",
    "label": "vessel_year_built_units"
  },
  "w3w8ecjht7j9kdf5jy9sdrxo": {
    "placeholder": "__PLACEHOLDER__xdquantity-value_w3w8ecjht7j9kdf5jy9sdrxo",
    "ct_id": "w3w8ecjht7j9kdf5jy9sdrxo",
    "adapter_ctid": "l4vk24bh60cvbj7fcuz4q50a",
    "element_name": "xdquantity-value",
    "type": "XdQuantity",
    "label": "vessel_beam"
  },
  "ukdy0snvh98lt7clypcpbzwl": {
    "placeholder": "__PLACEHOLDER__xdstring-value_ukdy0snvh98lt7clypcpbzwl",
    "ct_id": "ukdy0snvh98lt7clypcpbzwl",
    "adapter_ctid": null,
    "element_name": "xdstring-value",
    "type": "XdString",
    "label": "location_altitude_units"
  },
  "wxnfblyc2xfvwsf34b0ns43y": {
    "placeholder": "__PLACEHOLDER__xdquantity-value_wxnfblyc2xfvwsf34b0ns43y",
    "ct_id": "wxnfblyc2xfvwsf34b0ns43y",
    "adapter_ctid": "omqa4hfschi64v22p8fd0xux",
    "element_name": "xdquantity-value",
    "type": "XdQuantity",
    "label": "vessel_draft"
  },
  "upz17eob2bzxew1wp082w6tt": {
    "placeholder": "__PLACEHOLDER__xdquantity-value_upz17eob2bzxew1wp082w6tt",
    "ct_id": "upz17eob2bzxew1wp082w6tt",
    "adapter_ctid": "t9hs79013hgnl2loatn1gqqt",
    "element_name": "xdquantity-value",
    "type": "XdQuantity",
    "label": "vessel_gross_tonnage"
  },
  "akljduwbrd0q68fqkjafs2es": {
    "placeholder": "__PLACEHOLDER__xdstring-value_akljduwbrd0q68fqkjafs2es",
    "ct_id": "akljduwbrd0q68fqkjafs2es",
    "adapter_ctid": null,
    "element_name": "xdstring-value",
    "type": "XdString",
    "label": "vessel_gross_tonnage_units"
  },
  "zgltc53zxfodtjw01sahqtq5": {
    "placeholder": "__PLACEHOLDER__xdquantity-value_zgltc53zxfodtjw01sahqtq5",
    "ct_id": "zgltc53zxfodtjw01sahqtq5",
    "adapter_ctid": "hjzu02i2ka82nsydz1tq2tnf",
    "element_name": "xdquantity-value",
    "type": "XdQuantity",
    "label": "vessel_length"
  },
  "sjgb6qjqksljgongw58yhkfq": {
    "placeholder": "__PLACEHOLDER__xdquantity-value_sjgb6qjqksljgongw58yhkfq",
    "ct_id": "sjgb6qjqksljgongw58yhkfq",
    "adapter_ctid": "uon6dz3mw6svblyyotluc96j",
    "element_name": "xdquantity-value",
    "type": "XdQuantity",
    "label": "vessel_net_tonnage"
  },
  "vgtf44ab9ridjzj05wapps0t": {
    "placeholder": "__PLACEHOLDER__xdstring-value_vgtf44ab9ridjzj05wapps0t",
    "ct_id": "vgtf44ab9ridjzj05wapps0t",
    "adapter_ctid": null,
    "element_name": "xdstring-value",
    "type": "XdString",
    "label": "vessel_net_tonnage_units"
  },
  "nw2prizp9w8bo1f4aj2lmqfc": {
    "placeholder": "__PLACEHOLDER__xdstring-value_nw2prizp9w8bo1f4aj2lmqfc",
    "ct_id": "nw2prizp9w8bo1f4aj2lmqfc",
    "adapter_ctid": "tqyokytrucsxxlr460kky2s7",
    "element_name": "xdstring-value",
    "type": "XdString",
    "label": "final_destination_port"
  },
  "loq51wji182mpop34l7ird2r": {
    "placeholder": "__PLACEHOLDER__xdstring-value_loq51wji182mpop34l7ird2r",
    "ct_id": "loq51wji182mpop34l7ird2r",
    "adapter_ctid": "lln054pd75kfpp6t7k01m7fp",
    "element_name": "xdstring-value",
    "type": "XdString",
    "label": "next_port_code"
  },
  "actrvhnuz5eqmwy1gj2eq7vk": {
    "placeholder": "__PLACEHOLDER__xdstring-value_actrvhnuz5eqmwy1gj2eq7vk",
    "ct_id": "actrvhnuz5eqmwy1gj2eq7vk",
    "adapter_ctid": "qi16y228im7416vw1w9i4yps",
    "element_name": "xdstring-value",
    "type": "XdString",
    "label": "next_port_of_call"
  },
  "h44oxi0amdfltuhrwjqi3cbs": {
    "placeholder": "__PLACEHOLDER__xdstring-value_h44oxi0amdfltuhrwjqi3cbs",
    "ct_id": "h44oxi0amdfltuhrwjqi3cbs",
    "adapter_ctid": "l84cch7egj027q6ar2dx8vxb",
    "element_name": "xdstring-value",
    "type": "XdString",
    "label": "port_of_departure"
  },
  "rds5evrbh5vguqbnwi4viho3": {
    "placeholder": "__PLACEHOLDER__xdstring-value_rds5evrbh5vguqbnwi4viho3",
    "ct_id": "rds5evrbh5vguqbnwi4viho3",
    "adapter_ctid": "teqecayifyn5fwkes1ycjuu6",
    "element_name": "xdstring-value",
    "type": "XdString",
    "label": "port_of_departure_code"
  },
  "kaeq0tksggkuekb82hfw78dm": {
    "placeholder": "__PLACEHOLDER__xdstring-value_kaeq0tksggkuekb82hfw78dm",
    "ct_id": "kaeq0tksggkuekb82hfw78dm",
    "adapter_ctid": "jh4wr9cgtat0ml93jhm7s36k",
    "element_name": "xdstring-value",
    "type": "XdString",
    "label": "ports_of_call"
  },
  "rdcbm6hwpaapjcfq8d2yvxgv": {
    "placeholder": "__PLACEHOLDER__xdstring-value_rdcbm6hwpaapjcfq8d2yvxgv",
    "ct_id": "rdcbm6hwpaapjcfq8d2yvxgv",
    "adapter_ctid": "aazbv0f7ead5jey9yl0l5p59",
    "element_name": "xdstring-value",
    "type": "XdString",
    "label": "voyage_number"
  }
}