{
  "wpr4jnsjhs6tt5bv7copozr5": {
    "placeholder": "__PLACEHOLDER__xdstring-value_wpr4jnsjhs6tt5bv7copozr5",
    "ct_id": "wpr4jnsjhs6tt5bv7copozr5",
    "adapter_ctid": "f1hnpvv7tm2q3b2u42qosdo0",
    "element_name": "xdstring-value",
    "type": "XdString",
    "label": "application_number"
  },
  "iii58fnwhch6u45afhevxdd1": {
    "placeholder": "__PLACEHOLDER__xdstring-value_iii58fnwhch6u45afhevxdd1",
    "ct_id": "iii58fnwhch6u45afhevxdd1",
    "adapter_ctid": "nbb3ceznftpfxt3s3wp2802m",
    "element_name": "xdstring-value",
    "type": "XdString",
    "label": "consular_post"
  },
  "k31twaxgjtcwuvb9wxylh2li": {
    "placeholder": "__PLACEHOLDER__xdstring-value_k31twaxgjtcwuvb9wxylh2li",
    "ct_id": "k31twaxgjtcwuvb9wxylh2li",
    "adapter_ctid": "rupx256a1y6d4p61obsxnfa8",
    "element_name": "xdstring-value",
    "type": "XdString",
    "label": "current_state"
  },
  "hvu7g874vewzg3iabx5z4otp": {
    "placeholder": "__PLACEHOLDER__xdstring-value_hvu7g874vewzg3iabx5z4otp",
    "ct_id": "hvu7g874vewzg3iabx5z4otp",
    "adapter_ctid": "w5pclzveuiep7pio5ojfbe3m",
    "element_name": "xdstring-value",
    "type": "XdString",
    "label": "educational_institution"
  },
  "h9rotcd83u1j8ax30x7zz772": {
    "placeholder": "__PLACEHOLDER__xdstring-value_h9rotcd83u1j8ax30x7zz772",
    "ct_id": "h9rotcd83u1j8ax30x7zz772",
    "adapter_ctid": "i49cz4cljci5dx8omegofaev",
    "element_name": "xdstring-value",
    "type": "XdString",
    "label": "field_of_study"
  },
  "d9ejtyplitibqe5ny1q1h7og": {
    "placeholder": "__PLACEHOLDER__xdcount-value_d9ejtyplitibqe5ny1q1h7og",
    "ct_id": "d9ejtyplitibqe5ny1q1h7og",
    "adapter_ctid": "odkpf3dzlh73a9god3o68avp",
    "element_name": "xdcount-value",
    "type": "XdCount",
    "label": "graduation_year"
  },
  "n1byqm3wvcm18z3eb231tmyr": {
    "placeholder": "__PLACEHOLDER__xdstring-value_n1byqm3wvcm18z3eb231tmyr",
    "ct_id": "n1byqm3wvcm18z3eb231tmyr",
    "adapter_ctid": null,
    "element_name": "xdstring-value",
    "type": "XdString",
    "label": "graduation_year_units"
  },
  "rybscwc2wgrbt1xdmmx7a7q2": {
    "placeholder": "__PLACEHOLDER__xdstring-value_rybscwc2wgrbt1xdmmx7a7q2",
    "ct_id": "rybscwc2wgrbt1xdmmx7a7q2",
    "adapter_ctid": "ns2chrud6mvmp4qoxwuuhhs0",
    "element_name": "xdstring-value",
    "type": "XdString",
    "label": "job_title"
  },
  "wvs1i63o9xuxh2xgq3po9kp3": {
    "placeholder": "__PLACEHOLDER__xdstring-value_wvs1i63o9xuxh2xgq3po9kp3",
    "ct_id": "wvs1i63o9xuxh2xgq3po9kp3",
    "adapter_ctid": "l11ln4pjgqrbm60xmuy3mnwq",
    "element_name": "xdstring-value",
    "type": "XdString",
    "label": "passport_number"
  },
  "k1gbg7jkvlmawu2ghf08duwy": {
    "placeholder": "__PLACEHOLDER__xdstring-value_k1gbg7jkvlmawu2ghf08duwy",
    "ct_id": "k1gbg7jkvlmawu2ghf08duwy",
    "adapter_ctid": "e0hj6a6v9qq95rwsczwihp4y",
    "element_name": "xdstring-value",
    "type": "XdString",
    "label": "previous_visa_number"
  },
  "xi13e7sl3p1e2tnqw64k218q": {
    "placeholder": "__PLACEHOLDER__xdstring-value_xi13e7sl3p1e2tnqw64k218q",
    "ct_id": "xi13e7sl3p1e2tnqw64k218q",
    "adapter_ctid": "sia0hjn7n09fb9jwzf9hdtuf",
    "element_name": "xdstring-value",
    "type": "XdString",
    "label": "previous_visa_type"
  },
  "t8pvff1mogjs74dxe4672v3y": {
    "placeholder": "__PLACEHOLDER__xdstring-value_t8pvff1mogjs74dxe4672v3y",
    "ct_id": "t8pvff1mogjs74dxe4672v3y",
    "adapter_ctid": "hbe0dyht996zn3810ke7l132",
    "element_name": "xdstring-value",
    "type": "XdString",
    "label": "visa_denial_explanation"
  },
  "ce9h2x5849id1msm9zth10dx": {
    "placeholder": "__PLACEHOLDER__xdboolean-value_ce9h2x5849id1msm9zth10dx",
    "ct_id": "ce9h2x5849id1msm9zth10dx",
    "adapter_ctid": "zzqf8e37f5u7f9oawgy51os7",
    "element_name": "xdboolean-value",
    "type": "XdBoolean",
    "label": "ever_denied_us_visa"
  },
  "q5h8ntij3vtqemxivgu4l6i4": {
    "placeholder": "__PLACEHOLDER__xdboolean-value_q5h8ntij3vtqemxivgu4l6i4",
    "ct_id": "q5h8ntij3vtqemxivgu4l6i4",
    "adapter_ctid": "gz6xm1hvi4ig6ncah4knrlpl",
    "element_name": "xdboolean-value",
    "type": "XdBoolean",
    "label": "previously_visited_us"
  },
  "b9b0qfeshzcj6s8vrjsqwbsx": {
    "placeholder": "__PLACEHOLDER__xdboolean-value_b9b0qfeshzcj6s8vrjsqwbsx",
    "ct_id": "b9b0qfeshzcj6s8vrjsqwbsx",
    "adapter_ctid": "gsvqwovs5ejae8gwsjn0x3nm",
    "element_name": "xdboolean-value",
    "type": "XdBoolean",
    "label": "previous_visa_cancelled"
  },
  "wsv00b2g55ksgyrhrkrzhagq": {
    "placeholder": "__PLACEHOLDER__xdboolean-value_wsv00b2g55ksgyrhrkrzhagq",
    "ct_id": "wsv00b2g55ksgyrhrkrzhagq",
    "adapter_ctid": "lcg9wp8q5037hwf20ms1y7xh",
    "element_name": "xdboolean-value",
    "type": "XdBoolean",
    "label": "previous_visa_lost_or_stolen"
  },
  "i7liuksv6igqsbawgk7dx2rf": {
    "placeholder": "__PLACEHOLDER__xdstring-value_i7liuksv6igqsbawgk7dx2rf",
    "ct_id": "i7liuksv6igqsbawgk7dx2rf",
    "adapter_ctid": "q1tdpi3jovyn1mmlfup59a7d",
    "element_name": "xdstring-value",
    "type": "XdString",
    "label": "denial_reason"
  },
  "sdb12n7trq0j6x407ouv5xhb": {
    "placeholder": "__PLACEHOLDER__xdstring-value_sdb12n7trq0j6x407ouv5xhb",
    "ct_id": "sdb12n7trq0j6x407ouv5xhb",
    "adapter_ctid": "k3q7bdy8yp3fq9wy27d5d0af",
    "element_name": "xdstring-value",
    "type": "XdString",
    "label": "interview_location"
  },
  "n3b57oqm5gsav76a6bm3ud6a": {
    "placeholder": "__PLACEHOLDER__xdstring-value_n3b57oqm5gsav76a6bm3ud6a",
    "ct_id": "n3b57oqm5gsav76a6bm3ud6a",
    "adapter_ctid": "smf792c553vlpyk2a5r5vr0o",
    "element_name": "xdstring-value",
    "type": "XdString",
    "label": "notes"
  },
  "jrorurs32xqyc1l4whxzosac": {
    "placeholder": "__PLACEHOLDER__xdstring-value_jrorurs32xqyc1l4whxzosac",
    "ct_id": "jrorurs32xqyc1l4whxzosac",
    "adapter_ctid": "n1tn0asjqfjmfyng9i3kyqoj",
    "element_name": "xdstring-value",
    "type": "XdString",
    "label": "visa_number"
  },
  "yghheyejw52m6duo70vxe5l5": {
    "placeholder": "__PLACEHOLDER__xdboolean-value_yghheyejw52m6duo70vxe5l5",
    "ct_id": "yghheyejw52m6duo70vxe5l5",
    "adapter_ctid": "vhrp5hajk7xxa3lurmom3quj",
    "element_name": "xdboolean-value",
    "type": "XdBoolean",
    "label": "biometrics_collected"
  },
  "kcsrpl7dik9gx8c86b6svvp9": {
    "placeholder": "__PLACEHOLDER__xdboolean-value_kcsrpl7dik9gx8c86b6svvp9",
    "ct_id": "kcsrpl7dik9gx8c86b6svvp9",
    "adapter_ctid": "vo8t1g2gfrm2d35g0h85vj4q",
    "element_name": "xdboolean-value",
    "type": "XdBoolean",
    "label": "interview_scheduled"
  },
  "rz9pzgvt98wt9m7s5vx73i61": {
    "placeholder": "__PLACEHOLDER__xdstring-value_rz9pzgvt98wt9m7s5vx73i61",
    "ct_id": "rz9pzgvt98wt9m7s5vx73i61",
    "adapter_ctid": "t2y8oamzyb00rbu5ubarv5kx",
    "element_name": "xdstring-value",
    "type": "XdString",
    "label": "crime_description"
  },
  "mbr8ezvve9ylyqke3w6x8wjg": {
    "placeholder": "__PLACEHOLDER__xdstring-value_mbr8ezvve9ylyqke3w6x8wjg",
    "ct_id": "mbr8ezvve9ylyqke3w6x8wjg",
    "adapter_ctid": "pvd73fenfj49f9b0y07uabd9",
    "element_name": "xdstring-value",
    "type": "XdString",
    "label": "deportation_explanation"
  },
  "mk1mys9dnu3tj69fb0fs3cbc": {
    "placeholder": "__PLACEHOLDER__xdboolean-value_mk1mys9dnu3tj69fb0fs3cbc",
    "ct_id": "mk1mys9dnu3tj69fb0fs3cbc",
    "adapter_ctid": "jk26akkn5cfhhkso3dj91idm",
    "element_name": "xdboolean-value",
    "type": "XdBoolean",
    "label": "convicted_of_crime"
  },
  "ryiwbkfv8blfam0mg8jn0hfa": {
    "placeholder": "__PLACEHOLDER__xdboolean-value_ryiwbkfv8blfam0mg8jn0hfa",
    "ct_id": "ryiwbkfv8blfam0mg8jn0hfa",
    "adapter_ctid": "hqfqv05un83hwd5z7gwkqu7v",
    "element_name": "xdboolean-value",
    "type": "XdBoolean",
    "label": "drug_abuse_or_addiction"
  },
  "df4719wy580zbs9vfxuhxz3t": {
    "placeholder": "__PLACEHOLDER__xdboolean-value_df4719wy580zbs9vfxuhxz3t",
    "ct_id": "df4719wy580zbs9vfxuhxz3t",
    "adapter_ctid": "winng9qezritvr4v113cvo6n",
    "element_name": "xdboolean-value",
    "type": "XdBoolean",
    "label": "human_trafficking"
  },
  "kuf4kem8v27on4ubn70meyi7": {
    "placeholder": "__PLACEHOLDER__xdboolean-value_kuf4kem8v27on4ubn70meyi7",
    "ct_id": "kuf4kem8v27on4ubn70meyi7",
    "adapter_ctid": "ce3g7rqz7vz0o8wotaerj14w",
    "element_name": "xdboolean-value",
    "type": "XdBoolean",
    "label": "immigration_fraud"
  },
  "xodulqhnv0ywiw48xl96a35n": {
    "placeholder": "__PLACEHOLDER__xdboolean-value_xodulqhnv0ywiw48xl96a35n",
    "ct_id": "xodulqhnv0ywiw48xl96a35n",
    "adapter_ctid": "keb3wwg2aq55gs5c0srn50yb",
    "element_name": "xdboolean-value",
    "type": "XdBoolean",
    "label": "money_laundering"
  },
  "dvzvnuazsxawv8aeuslmwh1h": {
    "placeholder": "__PLACEHOLDER__xdboolean-value_dvzvnuazsxawv8aeuslmwh1h",
    "ct_id": "dvzvnuazsxawv8aeuslmwh1h",
    "adapter_ctid": "s7apmdclymkhfxyy9fvctjuy",
    "element_name": "xdboolean-value",
    "type": "XdBoolean",
    "label": "overstayed_visa"
  },
  "hzob8nhfwxo3fdof2rshqdrx": {
    "placeholder": "__PLACEHOLDER__xdboolean-value_hzob8nhfwxo3fdof2rshqdrx",
    "ct_id": "hzob8nhfwxo3fdof2rshqdrx",
    "adapter_ctid": "o0hsuhublsf7fsff6ljlmbwt",
    "element_name": "xdboolean-value",
    "type": "XdBoolean",
    "label": "previously_deported"
  },
  "v8ylz6ikcl19obzo53bz0ej7": {
    "placeholder": "__PLACEHOLDER__xdboolean-value_v8ylz6ikcl19obzo53bz0ej7",
    "ct_id": "v8ylz6ikcl19obzo53bz0ej7",
    "adapter_ctid": "h6zvhlapdueh0ec7w9euayme",
    "element_name": "xdboolean-value",
    "type": "XdBoolean",
    "label": "terrorist_activities"
  },
  "rc75xw6o8p0vq67iyileyyb2": {
    "placeholder": "__PLACEHOLDER__xdstring-value_rc75xw6o8p0vq67iyileyyb2",
    "ct_id": "rc75xw6o8p0vq67iyileyyb2",
    "adapter_ctid": "yzn63iq82mr4k7094qzi3pov",
    "element_name": "xdstring-value",
    "type": "XdString",
    "label": "additional_documents"
  },
  "a8xql62fofwwfmrb5tw7dyu2": {
    "placeholder": "__PLACEHOLDER__xdboolean-value_a8xql62fofwwfmrb5tw7dyu2",
    "ct_id": "a8xql62fofwwfmrb5tw7dyu2",
    "adapter_ctid": "o8bg2xqxj8ey2ig78b2o3mgz",
    "element_name": "xdboolean-value",
    "type": "XdBoolean",
    "label": "employment_letter_provided"
  },
  "x8ziyyrayvsrjohsd0b3jbl1": {
    "placeholder": "__PLACEHOLDER__xdboolean-value_x8ziyyrayvsrjohsd0b3jbl1",
    "ct_id": "x8ziyyrayvsrjohsd0b3jbl1",
    "adapter_ctid": "f3th1beazu5lxrdm6sfeqw2p",
    "element_name": "xdboolean-value",
    "type": "XdBoolean",
    "label": "financial_documents_provided"
  },
  "pcsw55aevbikedrhk07r8cq1": {
    "placeholder": "__PLACEHOLDER__xdboolean-value_pcsw55aevbikedrhk07r8cq1",
    "ct_id": "pcsw55aevbikedrhk07r8cq1",
    "adapter_ctid": "ex38hxebzg9s6rcvr2rgbszk",
    "element_name": "xdboolean-value",
    "type": "XdBoolean",
    "label": "invitation_letter_provided"
  },
  "gp40vy1vgi80sfsiv3kfx3fd": {
    "placeholder": "__PLACEHOLDER__xdboolean-value_gp40vy1vgi80sfsiv3kfx3fd",
    "ct_id": "gp40vy1vgi80sfsiv3kfx3fd",
    "adapter_ctid": "euzijznkvyuatzqyeusjiaf2",
    "element_name": "xdboolean-value",
    "type": "XdBoolean",
    "label": "passport_photo_uploaded"
  },
  "c6vj2bi0dc5fzby7dcj3jdty": {
    "placeholder": "__PLACEHOLDER__xdboolean-value_c6vj2bi0dc5fzby7dcj3jdty",
    "ct_id": "c6vj2bi0dc5fzby7dcj3jdty",
    "adapter_ctid": "htal4k9bnj92dybvzoktgesu",
    "element_name": "xdboolean-value",
    "type": "XdBoolean",
    "label": "travel_itinerary_provided"
  },
  "gpvafomoshcz57i3yn7ovyzx": {
    "placeholder": "__PLACEHOLDER__xdstring-value_gpvafomoshcz57i3yn7ovyzx",
    "ct_id": "gpvafomoshcz57i3yn7ovyzx",
    "adapter_ctid": "akynhzqungnky43iki85nsif",
    "element_name": "xdstring-value",
    "type": "XdString",
    "label": "purpose_description"
  },
  "x4ay8hioa27ryy7k4w1xqw6x": {
    "placeholder": "__PLACEHOLDER__xdstring-value_x4ay8hioa27ryy7k4w1xqw6x",
    "ct_id": "x4ay8hioa27ryy7k4w1xqw6x",
    "adapter_ctid": "y5kw5p5kdpkestzq1gpft6cv",
    "element_name": "xdstring-value",
    "type": "XdString",
    "label": "us_contact_name"
  },
  "em7dgslizd85by38bqswo4t8": {
    "placeholder": "__PLACEHOLDER__xdstring-value_em7dgslizd85by38bqswo4t8",
    "ct_id": "em7dgslizd85by38bqswo4t8",
    "adapter_ctid": "fy6nmxhzc7ix7fyqmwc0x257",
    "element_name": "xdstring-value",
    "type": "XdString",
    "label": "us_contact_relationship"
  },
  "niruyr25uw7uy3v6067kmhmh": {
    "placeholder": "__PLACEHOLDER__xdcount-value_niruyr25uw7uy3v6067kmhmh",
    "ct_id": "niruyr25uw7uy3v6067kmhmh",
    "adapter_ctid": "m0ml5wj2mm6elss0py69vjx9",
    "element_name": "xdcount-value",
    "type": "XdCount",
    "label": "intended_length_of_stay"
  },
  "rb1k6lgdlgdmjruwxmu732jx": {
    "placeholder": "__PLACEHOLDER__xdstring-value_rb1k6lgdlgdmjruwxmu732jx",
    "ct_id": "rb1k6lgdlgdmjruwxmu732jx",
    "adapter_ctid": null,
    "element_name": "xdstring-value",
    "type": "XdString",
    "label": "intended_length_of_stay_units"
  }
}